r**2,t * 1e9
1.86228e-18,0.001
7.37928e-18,0.002
1.64842e-17,0.003
2.91251e-17,0.004
4.52132e-17,0.005
6.47194e-17,0.006
8.74648e-17,0.007
1.13609e-16,0.008
1.42907e-16,0.009
1.7524e-16,0.01
2.10556e-16,0.011
2.48755e-16,0.012
2.89741e-16,0.013
3.3357e-16,0.014
3.80275e-16,0.015
4.29805e-16,0.016
4.8159e-16,0.017
5.35875e-16,0.018
5.92465e-16,0.019
6.51668e-16,0.02
7.13221e-16,0.021
7.77006e-16,0.022
8.42968e-16,0.023
9.11334e-16,0.024
9.82144e-16,0.025
1.05517e-15,0.026
1.13071e-15,0.027
1.20817e-15,0.028
1.28781e-15,0.029
1.3695e-15,0.03
1.45333e-15,0.031
1.5392e-15,0.032
1.62678e-15,0.033
1.7161e-15,0.034
1.807e-15,0.035
1.89979e-15,0.036
1.99442e-15,0.037
2.0907e-15,0.038
2.18897e-15,0.039
2.28876e-15,0.04
2.38999e-15,0.041
2.4925e-15,0.042
2.59653e-15,0.043
2.70162e-15,0.044
2.80813e-15,0.045
2.91637e-15,0.046
3.02594e-15,0.047
3.13739e-15,0.048
3.25016e-15,0.049
3.36422e-15,0.05
3.47963e-15,0.051
3.59605e-15,0.052
3.71444e-15,0.053
3.83457e-15,0.054
3.9558e-15,0.055
4.07846e-15,0.056
4.20222e-15,0.057
4.32775e-15,0.058
4.4542e-15,0.059
4.5819e-15,0.06
4.70982e-15,0.061
4.83898e-15,0.062
4.96925e-15,0.063
5.10098e-15,0.064
5.23374e-15,0.065
5.36699e-15,0.066
5.50174e-15,0.067
5.63716e-15,0.068
5.77439e-15,0.069
5.91263e-15,0.07
6.05202e-15,0.071
6.1916e-15,0.072
6.33297e-15,0.073
6.4756e-15,0.074
6.61848e-15,0.075
6.76197e-15,0.076
6.9057e-15,0.077
7.05006e-15,0.078
7.1943e-15,0.079
7.33968e-15,0.08
7.48572e-15,0.081
7.63161e-15,0.082
7.77877e-15,0.083
7.9264e-15,0.084
8.07492e-15,0.085
8.22498e-15,0.086
8.37647e-15,0.087
8.52924e-15,0.088
8.6825e-15,0.089
8.83685e-15,0.09
8.99222e-15,0.091
9.14892e-15,0.092
9.30706e-15,0.093
9.46567e-15,0.094
9.62563e-15,0.095
9.78637e-15,0.096
9.94654e-15,0.097
1.01077e-14,0.098
1.0268e-14,0.099
1.04293e-14,0.1
1.05912e-14,0.101
1.07535e-14,0.102
1.09158e-14,0.103
1.10792e-14,0.104
1.12423e-14,0.105
1.14055e-14,0.106
1.15694e-14,0.107
1.17333e-14,0.108
1.18983e-14,0.109
1.20639e-14,0.11
1.22296e-14,0.111
1.2395e-14,0.112
1.25591e-14,0.113
1.27239e-14,0.114
1.28891e-14,0.115
1.30546e-14,0.116
1.32213e-14,0.117
1.339e-14,0.118
1.35595e-14,0.119
1.37287e-14,0.12
1.38984e-14,0.121
1.40695e-14,0.122
1.42405e-14,0.123
1.44109e-14,0.124
1.45808e-14,0.125
1.47506e-14,0.126
1.49196e-14,0.127
1.5089e-14,0.128
1.52601e-14,0.129
1.54314e-14,0.13
1.56032e-14,0.131
1.57762e-14,0.132
1.59506e-14,0.133
1.61265e-14,0.134
1.6303e-14,0.135
1.64798e-14,0.136
1.66563e-14,0.137
1.68334e-14,0.138
1.70109e-14,0.139
1.71884e-14,0.14
1.73663e-14,0.141
1.75437e-14,0.142
1.77219e-14,0.143
1.78996e-14,0.144
1.80779e-14,0.145
1.8255e-14,0.146
1.8431e-14,0.147
1.86065e-14,0.148
1.87822e-14,0.149
1.89582e-14,0.15
1.91346e-14,0.151
1.93109e-14,0.152
1.94888e-14,0.153
1.96663e-14,0.154
1.98444e-14,0.155
2.00228e-14,0.156
2.02021e-14,0.157
2.03817e-14,0.158
2.0563e-14,0.159
2.0744e-14,0.16
2.09247e-14,0.161
2.11053e-14,0.162
2.12856e-14,0.163
2.14663e-14,0.164
2.16469e-14,0.165
2.18288e-14,0.166
2.20094e-14,0.167
2.21905e-14,0.168
2.23726e-14,0.169
2.25559e-14,0.17
2.27399e-14,0.171
2.29239e-14,0.172
2.3107e-14,0.173
2.32911e-14,0.174
2.34757e-14,0.175
2.36592e-14,0.176
2.3844e-14,0.177
2.40308e-14,0.178
2.42179e-14,0.179
2.44058e-14,0.18
2.45946e-14,0.181
2.47847e-14,0.182
2.49751e-14,0.183
2.51655e-14,0.184
2.53556e-14,0.185
2.55472e-14,0.186
2.57394e-14,0.187
2.59307e-14,0.188
2.61225e-14,0.189
2.63135e-14,0.19
2.65036e-14,0.191
2.66934e-14,0.192
2.68837e-14,0.193
2.70757e-14,0.194
2.72688e-14,0.195
2.74618e-14,0.196
2.76552e-14,0.197
2.78483e-14,0.198
2.80414e-14,0.199
2.8234e-14,0.2
2.84272e-14,0.201
2.86211e-14,0.202
2.88161e-14,0.203
2.90122e-14,0.204
2.92088e-14,0.205
2.94063e-14,0.206
2.96031e-14,0.207
2.97987e-14,0.208
2.99919e-14,0.209
3.01855e-14,0.21
3.03793e-14,0.211
3.05745e-14,0.212
3.07709e-14,0.213
3.09683e-14,0.214
3.11665e-14,0.215
3.13649e-14,0.216
3.15622e-14,0.217
3.17599e-14,0.218
3.19577e-14,0.219
3.21535e-14,0.22
3.23498e-14,0.221
3.25454e-14,0.222
3.27417e-14,0.223
3.2939e-14,0.224
3.31345e-14,0.225
3.33285e-14,0.226
3.35237e-14,0.227
3.3718e-14,0.228
3.39134e-14,0.229
3.41084e-14,0.23
3.43017e-14,0.231
3.44947e-14,0.232
3.46863e-14,0.233
3.48782e-14,0.234
3.50705e-14,0.235
3.52609e-14,0.236
3.54519e-14,0.237
3.56434e-14,0.238
3.58343e-14,0.239
3.60251e-14,0.24
3.62159e-14,0.241
3.6407e-14,0.242
3.65971e-14,0.243
3.67868e-14,0.244
3.69765e-14,0.245
3.71665e-14,0.246
3.73566e-14,0.247
3.75445e-14,0.248
3.77332e-14,0.249
3.79231e-14,0.25
3.81147e-14,0.251
3.83054e-14,0.252
3.84977e-14,0.253
3.86908e-14,0.254
3.8886e-14,0.255
3.90803e-14,0.256
3.92742e-14,0.257
3.94686e-14,0.258
3.96636e-14,0.259
3.98588e-14,0.26
4.00535e-14,0.261
4.02485e-14,0.262
4.04437e-14,0.263
4.06387e-14,0.264
4.08327e-14,0.265
4.10278e-14,0.266
4.12223e-14,0.267
4.14165e-14,0.268
4.1611e-14,0.269
4.18049e-14,0.27
4.19978e-14,0.271
4.21914e-14,0.272
4.2385e-14,0.273
4.25773e-14,0.274
4.27697e-14,0.275
4.29615e-14,0.276
4.31542e-14,0.277
4.33462e-14,0.278
4.35382e-14,0.279
4.37303e-14,0.28
4.39238e-14,0.281
4.41157e-14,0.282
4.43077e-14,0.283
4.44995e-14,0.284
4.4691e-14,0.285
4.48829e-14,0.286
4.50754e-14,0.287
4.52674e-14,0.288
4.54594e-14,0.289
4.56509e-14,0.29
4.58412e-14,0.291
4.60315e-14,0.292
4.6223e-14,0.293
4.64151e-14,0.294
4.66072e-14,0.295
4.68003e-14,0.296
4.6994e-14,0.297
4.7188e-14,0.298
4.73837e-14,0.299
4.75778e-14,0.3
4.77708e-14,0.301
4.7965e-14,0.302
4.81569e-14,0.303
4.83483e-14,0.304
4.85407e-14,0.305
4.87331e-14,0.306
4.89258e-14,0.307
4.91182e-14,0.308
4.93126e-14,0.309
4.95063e-14,0.31
4.96997e-14,0.311
4.98944e-14,0.312
5.00885e-14,0.313
5.02828e-14,0.314
5.04758e-14,0.315
5.06684e-14,0.316
5.08625e-14,0.317
5.10565e-14,0.318
5.12512e-14,0.319
5.14447e-14,0.32
5.16392e-14,0.321
5.18343e-14,0.322
5.20287e-14,0.323
5.2223e-14,0.324
5.24181e-14,0.325
5.26144e-14,0.326
5.28104e-14,0.327
5.30057e-14,0.328
5.32009e-14,0.329
5.33959e-14,0.33
5.359e-14,0.331
5.37837e-14,0.332
5.39775e-14,0.333
5.41706e-14,0.334
5.43628e-14,0.335
5.45558e-14,0.336
5.47479e-14,0.337
5.49408e-14,0.338
5.51347e-14,0.339
5.53297e-14,0.34
5.55239e-14,0.341
5.57195e-14,0.342
5.59182e-14,0.343
5.61168e-14,0.344
5.6315e-14,0.345
5.65125e-14,0.346
5.6709e-14,0.347
5.6904e-14,0.348
5.70996e-14,0.349
5.72941e-14,0.35
5.7488e-14,0.351
5.76833e-14,0.352
5.78793e-14,0.353
5.8078e-14,0.354
5.82755e-14,0.355
5.84716e-14,0.356
5.86674e-14,0.357
5.88647e-14,0.358
5.90617e-14,0.359
5.92579e-14,0.36
5.94542e-14,0.361
5.96489e-14,0.362
5.98441e-14,0.363
6.00399e-14,0.364
6.02355e-14,0.365
6.04304e-14,0.366
6.0626e-14,0.367
6.08202e-14,0.368
6.1014e-14,0.369
6.12075e-14,0.37
6.14012e-14,0.371
6.15956e-14,0.372
6.17884e-14,0.373
6.19819e-14,0.374
6.21755e-14,0.375
6.23685e-14,0.376
6.2564e-14,0.377
6.2761e-14,0.378
6.29594e-14,0.379
6.31597e-14,0.38
6.33598e-14,0.381
6.356e-14,0.382
6.3759e-14,0.383
6.39579e-14,0.384
6.41574e-14,0.385
6.43556e-14,0.386
6.45539e-14,0.387
6.4753e-14,0.388
6.49519e-14,0.389
6.51506e-14,0.39
6.53476e-14,0.391
6.55431e-14,0.392
6.57397e-14,0.393
6.59359e-14,0.394
6.61313e-14,0.395
6.63235e-14,0.396
6.65161e-14,0.397
6.67102e-14,0.398
6.69033e-14,0.399
6.70988e-14,0.4
6.72955e-14,0.401
6.74919e-14,0.402
6.76873e-14,0.403
6.7881e-14,0.404
6.80732e-14,0.405
6.82644e-14,0.406
6.84537e-14,0.407
6.8644e-14,0.408
6.88351e-14,0.409
6.90247e-14,0.41
6.92132e-14,0.411
6.94034e-14,0.412
6.95927e-14,0.413
6.97815e-14,0.414
6.99699e-14,0.415
7.01594e-14,0.416
7.03498e-14,0.417
7.05404e-14,0.418
7.07317e-14,0.419
7.09239e-14,0.42
7.11142e-14,0.421
7.13046e-14,0.422
7.14935e-14,0.423
7.16828e-14,0.424
7.18731e-14,0.425
7.20625e-14,0.426
7.22531e-14,0.427
7.24442e-14,0.428
7.26359e-14,0.429
7.28274e-14,0.43
7.30182e-14,0.431
7.32098e-14,0.432
7.34018e-14,0.433
7.35936e-14,0.434
7.37864e-14,0.435
7.39778e-14,0.436
7.41688e-14,0.437
7.43599e-14,0.438
7.45513e-14,0.439
7.47419e-14,0.44
7.49318e-14,0.441
7.51213e-14,0.442
7.5313e-14,0.443
7.55041e-14,0.444
7.56947e-14,0.445
7.58856e-14,0.446
7.60754e-14,0.447
7.6265e-14,0.448
7.64571e-14,0.449
7.66466e-14,0.45
7.68349e-14,0.451
7.70224e-14,0.452
7.72117e-14,0.453
7.73991e-14,0.454
7.75895e-14,0.455
7.77791e-14,0.456
7.79672e-14,0.457
7.81563e-14,0.458
7.83465e-14,0.459
7.85369e-14,0.46
7.87263e-14,0.461
7.89152e-14,0.462
7.91037e-14,0.463
7.92899e-14,0.464
7.9475e-14,0.465
7.96604e-14,0.466
7.98453e-14,0.467
8.00309e-14,0.468
8.02164e-14,0.469
8.04017e-14,0.47
8.0587e-14,0.471
8.07752e-14,0.472
8.09624e-14,0.473
8.1151e-14,0.474
8.13387e-14,0.475
8.15282e-14,0.476
8.17183e-14,0.477
8.19086e-14,0.478
8.20984e-14,0.479
8.22882e-14,0.48
8.24774e-14,0.481
8.26676e-14,0.482
8.28586e-14,0.483
8.30494e-14,0.484
8.32433e-14,0.485
8.34369e-14,0.486
8.36336e-14,0.487
8.38294e-14,0.488
8.40263e-14,0.489
8.42243e-14,0.49
8.44233e-14,0.491
8.46214e-14,0.492
8.48183e-14,0.493
8.50158e-14,0.494
8.52128e-14,0.495
8.54105e-14,0.496
8.56075e-14,0.497
8.58043e-14,0.498
8.60011e-14,0.499
8.61982e-14,0.5
8.63934e-14,0.501
8.65862e-14,0.502
8.67808e-14,0.503
8.6976e-14,0.504
8.71723e-14,0.505
8.73688e-14,0.506
8.75645e-14,0.507
8.77586e-14,0.508
8.79524e-14,0.509
8.81481e-14,0.51
8.83436e-14,0.511
8.85377e-14,0.512
8.87332e-14,0.513
8.89278e-14,0.514
8.91213e-14,0.515
8.93143e-14,0.516
8.95057e-14,0.517
8.96974e-14,0.518
8.98876e-14,0.519
9.00788e-14,0.52
9.02694e-14,0.521
9.04605e-14,0.522
9.06521e-14,0.523
9.08452e-14,0.524
9.10395e-14,0.525
9.1235e-14,0.526
9.14287e-14,0.527
9.16204e-14,0.528
9.18121e-14,0.529
9.2004e-14,0.53
9.21949e-14,0.531
9.23865e-14,0.532
9.25794e-14,0.533
9.27714e-14,0.534
9.2963e-14,0.535
9.31548e-14,0.536
9.33457e-14,0.537
9.35349e-14,0.538
9.37253e-14,0.539
9.39166e-14,0.54
9.41073e-14,0.541
9.42975e-14,0.542
9.44898e-14,0.543
9.46805e-14,0.544
9.48707e-14,0.545
9.50633e-14,0.546
9.52551e-14,0.547
9.54452e-14,0.548
9.56345e-14,0.549
9.58242e-14,0.55
9.60134e-14,0.551
9.62036e-14,0.552
9.63937e-14,0.553
9.65837e-14,0.554
9.67728e-14,0.555
9.69632e-14,0.556
9.71551e-14,0.557
9.73472e-14,0.558
9.75395e-14,0.559
9.77326e-14,0.56
9.79275e-14,0.561
9.81207e-14,0.562
9.83145e-14,0.563
9.85082e-14,0.564
9.87015e-14,0.565
9.88955e-14,0.566
9.90885e-14,0.567
9.92826e-14,0.568
9.94768e-14,0.569
9.96688e-14,0.57
9.98608e-14,0.571
1.00054e-13,0.572
1.00247e-13,0.573
1.0044e-13,0.574
1.00636e-13,0.575
1.00832e-13,0.576
1.0103e-13,0.577
1.01228e-13,0.578
1.01428e-13,0.579
1.01627e-13,0.58
1.01826e-13,0.581
1.02026e-13,0.582
1.02228e-13,0.583
1.0243e-13,0.584
1.02634e-13,0.585
1.02839e-13,0.586
1.03044e-13,0.587
1.0325e-13,0.588
1.03456e-13,0.589
1.03662e-13,0.59
1.03869e-13,0.591
1.04077e-13,0.592
1.0428e-13,0.593
1.04481e-13,0.594
1.0468e-13,0.595
1.04877e-13,0.596
1.05074e-13,0.597
1.0527e-13,0.598
1.05467e-13,0.599
1.05662e-13,0.6
1.05856e-13,0.601
1.0605e-13,0.602
1.06241e-13,0.603
1.06431e-13,0.604
1.0662e-13,0.605
1.06809e-13,0.606
1.06997e-13,0.607
1.07187e-13,0.608
1.07376e-13,0.609
1.07566e-13,0.61
1.07755e-13,0.611
1.07944e-13,0.612
1.08131e-13,0.613
1.0832e-13,0.614
1.08512e-13,0.615
1.08704e-13,0.616
1.08896e-13,0.617
1.09089e-13,0.618
1.0928e-13,0.619
1.09471e-13,0.62
1.09663e-13,0.621
1.09858e-13,0.622
1.10054e-13,0.623
1.10249e-13,0.624
1.10444e-13,0.625
1.10637e-13,0.626
1.10831e-13,0.627
1.11023e-13,0.628
1.11214e-13,0.629
1.11406e-13,0.63
1.11597e-13,0.631
1.11788e-13,0.632
1.1198e-13,0.633
1.1217e-13,0.634
1.12363e-13,0.635
1.12557e-13,0.636
1.12751e-13,0.637
1.12946e-13,0.638
1.13142e-13,0.639
1.13338e-13,0.64
1.13533e-13,0.641
1.1373e-13,0.642
1.13927e-13,0.643
1.14125e-13,0.644
1.14321e-13,0.645
1.14516e-13,0.646
1.14712e-13,0.647
1.14903e-13,0.648
1.15094e-13,0.649
1.15286e-13,0.65
1.15478e-13,0.651
1.15667e-13,0.652
1.15857e-13,0.653
1.16048e-13,0.654
1.16237e-13,0.655
1.16424e-13,0.656
1.16612e-13,0.657
1.16799e-13,0.658
1.16989e-13,0.659
1.17177e-13,0.66
1.17364e-13,0.661
1.1755e-13,0.662
1.17738e-13,0.663
1.17924e-13,0.664
1.18108e-13,0.665
1.18291e-13,0.666
1.18473e-13,0.667
1.18655e-13,0.668
1.18838e-13,0.669
1.19021e-13,0.67
1.19207e-13,0.671
1.19393e-13,0.672
1.19579e-13,0.673
1.19766e-13,0.674
1.19953e-13,0.675
1.20139e-13,0.676
1.20328e-13,0.677
1.20517e-13,0.678
1.20703e-13,0.679
1.2089e-13,0.68
1.2108e-13,0.681
1.2127e-13,0.682
1.21459e-13,0.683
1.21646e-13,0.684
1.21831e-13,0.685
1.22019e-13,0.686
1.22204e-13,0.687
1.2239e-13,0.688
1.22576e-13,0.689
1.22764e-13,0.69
1.22953e-13,0.691
1.23141e-13,0.692
1.23329e-13,0.693
1.23517e-13,0.694
1.23706e-13,0.695
1.23894e-13,0.696
1.24083e-13,0.697
1.24271e-13,0.698
1.24459e-13,0.699
1.24646e-13,0.7
1.24835e-13,0.701
1.25024e-13,0.702
1.25215e-13,0.703
1.25408e-13,0.704
1.25601e-13,0.705
1.25794e-13,0.706
1.25986e-13,0.707
1.26178e-13,0.708
1.2637e-13,0.709
1.26561e-13,0.71
1.26755e-13,0.711
1.26948e-13,0.712
1.27139e-13,0.713
1.27331e-13,0.714
1.27521e-13,0.715
1.2771e-13,0.716
1.27897e-13,0.717
1.28082e-13,0.718
1.28269e-13,0.719
1.28455e-13,0.72
1.2864e-13,0.721
1.28824e-13,0.722
1.29008e-13,0.723
1.29192e-13,0.724
1.29375e-13,0.725
1.29559e-13,0.726
1.29742e-13,0.727
1.29925e-13,0.728
1.30108e-13,0.729
1.30293e-13,0.73
1.30481e-13,0.731
1.30671e-13,0.732
1.30862e-13,0.733
1.31052e-13,0.734
1.31245e-13,0.735
1.31435e-13,0.736
1.31626e-13,0.737
1.31816e-13,0.738
1.32006e-13,0.739
1.32197e-13,0.74
1.32389e-13,0.741
1.32581e-13,0.742
1.32771e-13,0.743
1.3296e-13,0.744
1.33149e-13,0.745
1.33338e-13,0.746
1.33527e-13,0.747
1.33716e-13,0.748
1.33907e-13,0.749
1.34097e-13,0.75
1.34287e-13,0.751
1.34479e-13,0.752
1.34672e-13,0.753
1.34866e-13,0.754
1.35059e-13,0.755
1.35254e-13,0.756
1.35449e-13,0.757
1.35644e-13,0.758
1.3584e-13,0.759
1.36036e-13,0.76
1.36232e-13,0.761
1.36428e-13,0.762
1.36621e-13,0.763
1.36814e-13,0.764
1.37007e-13,0.765
1.37201e-13,0.766
1.37395e-13,0.767
1.37589e-13,0.768
1.37785e-13,0.769
1.37984e-13,0.77
1.38182e-13,0.771
1.3838e-13,0.772
1.3858e-13,0.773
1.38778e-13,0.774
1.38976e-13,0.775
1.3917e-13,0.776
1.39364e-13,0.777
1.39559e-13,0.778
1.39754e-13,0.779
1.39948e-13,0.78
1.4014e-13,0.781
1.40332e-13,0.782
1.40523e-13,0.783
1.40714e-13,0.784
1.40907e-13,0.785
1.41101e-13,0.786
1.41293e-13,0.787
1.41483e-13,0.788
1.41674e-13,0.789
1.41863e-13,0.79
1.42053e-13,0.791
1.4224e-13,0.792
1.42425e-13,0.793
1.42611e-13,0.794
1.42795e-13,0.795
1.4298e-13,0.796
1.43165e-13,0.797
1.4335e-13,0.798
1.43536e-13,0.799
1.43722e-13,0.8
1.43907e-13,0.801
1.44091e-13,0.802
1.44274e-13,0.803
1.44457e-13,0.804
1.44641e-13,0.805
1.44828e-13,0.806
1.45016e-13,0.807
1.45203e-13,0.808
1.4539e-13,0.809
1.45579e-13,0.81
1.45769e-13,0.811
1.45958e-13,0.812
1.46145e-13,0.813
1.46334e-13,0.814
1.46523e-13,0.815
1.46713e-13,0.816
1.46902e-13,0.817
1.47091e-13,0.818
1.47279e-13,0.819
1.47467e-13,0.82
1.47657e-13,0.821
1.47847e-13,0.822
1.48037e-13,0.823
1.48227e-13,0.824
1.4842e-13,0.825
1.48612e-13,0.826
1.48805e-13,0.827
1.48998e-13,0.828
1.49194e-13,0.829
1.49389e-13,0.83
1.49583e-13,0.831
1.49778e-13,0.832
1.49974e-13,0.833
1.5017e-13,0.834
1.50367e-13,0.835
1.50562e-13,0.836
1.50758e-13,0.837
1.50953e-13,0.838
1.51149e-13,0.839
1.51346e-13,0.84
1.51542e-13,0.841
1.51738e-13,0.842
1.51936e-13,0.843
1.52134e-13,0.844
1.52331e-13,0.845
1.52529e-13,0.846
1.52724e-13,0.847
1.52918e-13,0.848
1.53115e-13,0.849
1.53312e-13,0.85
1.5351e-13,0.851
1.53708e-13,0.852
1.53907e-13,0.853
1.54105e-13,0.854
1.54304e-13,0.855
1.54501e-13,0.856
1.54698e-13,0.857
1.54894e-13,0.858
1.55089e-13,0.859
1.55283e-13,0.86
1.55475e-13,0.861
1.55668e-13,0.862
1.55859e-13,0.863
1.56051e-13,0.864
1.56244e-13,0.865
1.56438e-13,0.866
1.56633e-13,0.867
1.5683e-13,0.868
1.57027e-13,0.869
1.57224e-13,0.87
1.57421e-13,0.871
1.57617e-13,0.872
1.57811e-13,0.873
1.58005e-13,0.874
1.58198e-13,0.875
1.58391e-13,0.876
1.58585e-13,0.877
1.58777e-13,0.878
1.58971e-13,0.879
1.59165e-13,0.88
1.59358e-13,0.881
1.59554e-13,0.882
1.5975e-13,0.883
1.59944e-13,0.884
1.60137e-13,0.885
1.60331e-13,0.886
1.60525e-13,0.887
1.60719e-13,0.888
1.60915e-13,0.889
1.61108e-13,0.89
1.61303e-13,0.891
1.61499e-13,0.892
1.61694e-13,0.893
1.61886e-13,0.894
1.62078e-13,0.895
1.62273e-13,0.896
1.62463e-13,0.897
1.62655e-13,0.898
1.62848e-13,0.899
1.6304e-13,0.9
1.63232e-13,0.901
1.63424e-13,0.902
1.63615e-13,0.903
1.63806e-13,0.904
1.63999e-13,0.905
1.64192e-13,0.906
1.64386e-13,0.907
1.64579e-13,0.908
1.64774e-13,0.909
1.64969e-13,0.91
1.65162e-13,0.911
1.65353e-13,0.912
1.65541e-13,0.913
1.65728e-13,0.914
1.65916e-13,0.915
1.66105e-13,0.916
1.66295e-13,0.917
1.66483e-13,0.918
1.66674e-13,0.919
1.66863e-13,0.92
1.67053e-13,0.921
1.67244e-13,0.922
1.67434e-13,0.923
1.67623e-13,0.924
1.67812e-13,0.925
1.68e-13,0.926
1.68189e-13,0.927
1.68379e-13,0.928
1.68566e-13,0.929
1.68753e-13,0.93
1.68938e-13,0.931
1.69122e-13,0.932
1.69305e-13,0.933
1.69484e-13,0.934
1.69665e-13,0.935
1.69847e-13,0.936
1.70029e-13,0.937
1.70214e-13,0.938
1.70398e-13,0.939
1.70582e-13,0.94
1.70765e-13,0.941
1.70949e-13,0.942
1.71133e-13,0.943
1.71318e-13,0.944
1.71502e-13,0.945
1.71681e-13,0.946
1.7186e-13,0.947
1.72037e-13,0.948
1.72215e-13,0.949
1.72392e-13,0.95
1.72566e-13,0.951
1.7274e-13,0.952
1.72915e-13,0.953
1.73092e-13,0.954
1.73267e-13,0.955
1.73443e-13,0.956
1.73619e-13,0.957
1.73794e-13,0.958
1.73969e-13,0.959
1.74144e-13,0.96
1.74319e-13,0.961
1.74492e-13,0.962
1.74664e-13,0.963
1.74832e-13,0.964
1.75e-13,0.965
1.75169e-13,0.966
1.75338e-13,0.967
1.75508e-13,0.968
1.75677e-13,0.969
1.75847e-13,0.97
1.76017e-13,0.971
1.76188e-13,0.972
1.76361e-13,0.973
1.76536e-13,0.974
1.76707e-13,0.975
1.76879e-13,0.976
1.77053e-13,0.977
1.77225e-13,0.978
1.774e-13,0.979
1.77571e-13,0.98
1.77743e-13,0.981
1.77917e-13,0.982
1.78093e-13,0.983
1.78267e-13,0.984
1.78438e-13,0.985
1.78612e-13,0.986
1.78784e-13,0.987
1.78958e-13,0.988
1.79133e-13,0.989
1.79308e-13,0.99
1.79484e-13,0.991
1.79661e-13,0.992
1.79838e-13,0.993
1.80017e-13,0.994
1.80195e-13,0.995
1.80375e-13,0.996
1.80554e-13,0.997
1.80735e-13,0.998
1.80917e-13,0.999
1.81099e-13,1
1.81282e-13,1.001
1.81464e-13,1.002
1.81646e-13,1.003
1.81828e-13,1.004
1.82009e-13,1.005
1.8219e-13,1.006
1.8237e-13,1.007
1.8255e-13,1.008
1.82728e-13,1.009
1.82907e-13,1.01
1.83084e-13,1.011
1.83259e-13,1.012
1.83436e-13,1.013
1.83611e-13,1.014
1.83788e-13,1.015
1.83965e-13,1.016
1.84141e-13,1.017
1.84319e-13,1.018
1.84498e-13,1.019
1.84674e-13,1.02
1.8485e-13,1.021
1.85028e-13,1.022
1.85204e-13,1.023
1.8538e-13,1.024
1.85556e-13,1.025
1.85731e-13,1.026
1.85906e-13,1.027
1.86082e-13,1.028
1.86259e-13,1.029
1.86437e-13,1.03
1.86615e-13,1.031
1.86793e-13,1.032
1.86971e-13,1.033
1.87148e-13,1.034
1.87326e-13,1.035
1.87505e-13,1.036
1.87683e-13,1.037
1.87864e-13,1.038
1.88046e-13,1.039
1.88228e-13,1.04
1.88411e-13,1.041
1.88598e-13,1.042
1.88786e-13,1.043
1.88971e-13,1.044
1.89158e-13,1.045
1.89346e-13,1.046
1.89534e-13,1.047
1.89722e-13,1.048
1.89913e-13,1.049
1.90103e-13,1.05
1.90294e-13,1.051
1.90484e-13,1.052
1.90676e-13,1.053
1.90869e-13,1.054
1.91061e-13,1.055
1.91253e-13,1.056
1.91443e-13,1.057
1.91633e-13,1.058
1.91824e-13,1.059
1.92015e-13,1.06
1.92203e-13,1.061
1.9239e-13,1.062
1.92577e-13,1.063
1.92765e-13,1.064
1.92954e-13,1.065
1.93142e-13,1.066
1.93329e-13,1.067
1.93517e-13,1.068
1.93704e-13,1.069
1.9389e-13,1.07
1.94075e-13,1.071
1.94257e-13,1.072
1.94439e-13,1.073
1.94621e-13,1.074
1.94802e-13,1.075
1.94982e-13,1.076
1.95163e-13,1.077
1.95346e-13,1.078
1.95529e-13,1.079
1.9571e-13,1.08
1.95891e-13,1.081
1.96071e-13,1.082
1.96252e-13,1.083
1.96435e-13,1.084
1.96619e-13,1.085
1.96802e-13,1.086
1.96984e-13,1.087
1.97166e-13,1.088
1.97346e-13,1.089
1.97525e-13,1.09
1.97706e-13,1.091
1.97886e-13,1.092
1.9807e-13,1.093
1.98254e-13,1.094
1.98439e-13,1.095
1.98625e-13,1.096
1.98812e-13,1.097
1.98997e-13,1.098
1.99184e-13,1.099
1.99373e-13,1.1
1.99561e-13,1.101
1.99746e-13,1.102
1.99932e-13,1.103
2.00116e-13,1.104
2.00301e-13,1.105
2.00487e-13,1.106
2.00673e-13,1.107
2.00856e-13,1.108
2.01041e-13,1.109
2.01224e-13,1.11
2.01408e-13,1.111
2.01593e-13,1.112
2.01778e-13,1.113
2.01964e-13,1.114
2.02148e-13,1.115
2.02331e-13,1.116
2.02514e-13,1.117
2.02697e-13,1.118
2.0288e-13,1.119
2.03064e-13,1.12
2.03247e-13,1.121
2.0343e-13,1.122
2.03613e-13,1.123
2.03797e-13,1.124
2.03982e-13,1.125
2.04166e-13,1.126
2.04351e-13,1.127
2.04537e-13,1.128
2.04725e-13,1.129
2.04912e-13,1.13
2.05098e-13,1.131
2.05284e-13,1.132
2.05467e-13,1.133
2.05651e-13,1.134
2.05835e-13,1.135
2.06018e-13,1.136
2.06203e-13,1.137
2.06388e-13,1.138
2.06571e-13,1.139
2.06752e-13,1.14
2.06934e-13,1.141
2.07118e-13,1.142
2.073e-13,1.143
2.07483e-13,1.144
2.07665e-13,1.145
2.07845e-13,1.146
2.08026e-13,1.147
2.08207e-13,1.148
2.08387e-13,1.149
2.08567e-13,1.15
2.08743e-13,1.151
2.08919e-13,1.152
2.09095e-13,1.153
2.09271e-13,1.154
2.09451e-13,1.155
2.09632e-13,1.156
2.09814e-13,1.157
2.09999e-13,1.158
2.10181e-13,1.159
2.10362e-13,1.16
2.10542e-13,1.161
2.10721e-13,1.162
2.10903e-13,1.163
2.11084e-13,1.164
2.11265e-13,1.165
2.11446e-13,1.166
2.11629e-13,1.167
2.11814e-13,1.168
2.11997e-13,1.169
2.12181e-13,1.17
2.12367e-13,1.171
2.12553e-13,1.172
2.12735e-13,1.173
2.12919e-13,1.174
2.13102e-13,1.175
2.13285e-13,1.176
2.13469e-13,1.177
2.13652e-13,1.178
2.13837e-13,1.179
2.14021e-13,1.18
2.14206e-13,1.181
2.14391e-13,1.182
2.14576e-13,1.183
2.14759e-13,1.184
2.14939e-13,1.185
2.1512e-13,1.186
2.15301e-13,1.187
2.15484e-13,1.188
2.15668e-13,1.189
2.15853e-13,1.19
2.1604e-13,1.191
2.16224e-13,1.192
2.16408e-13,1.193
2.16596e-13,1.194
2.16785e-13,1.195
2.16975e-13,1.196
2.17165e-13,1.197
2.17356e-13,1.198
2.17548e-13,1.199
2.1774e-13,1.2
2.17931e-13,1.201
2.18124e-13,1.202
2.18316e-13,1.203
2.18506e-13,1.204
2.18697e-13,1.205
2.18887e-13,1.206
2.19078e-13,1.207
2.19266e-13,1.208
2.19454e-13,1.209
2.19642e-13,1.21
2.1983e-13,1.211
2.20016e-13,1.212
2.20204e-13,1.213
2.20393e-13,1.214
2.20584e-13,1.215
2.20775e-13,1.216
2.20966e-13,1.217
2.21157e-13,1.218
2.2135e-13,1.219
2.21544e-13,1.22
2.21736e-13,1.221
2.21929e-13,1.222
2.22123e-13,1.223
2.22316e-13,1.224
2.22507e-13,1.225
2.22699e-13,1.226
2.22888e-13,1.227
2.23078e-13,1.228
2.23268e-13,1.229
2.23456e-13,1.23
2.23642e-13,1.231
2.23829e-13,1.232
2.24016e-13,1.233
2.24203e-13,1.234
2.24391e-13,1.235
2.24576e-13,1.236
2.2476e-13,1.237
2.24946e-13,1.238
2.25131e-13,1.239
2.25314e-13,1.24
2.25497e-13,1.241
2.25679e-13,1.242
2.25863e-13,1.243
2.26048e-13,1.244
2.26235e-13,1.245
2.26418e-13,1.246
2.266e-13,1.247
2.26782e-13,1.248
2.26964e-13,1.249
2.27145e-13,1.25
2.27328e-13,1.251
2.27512e-13,1.252
2.27698e-13,1.253
2.27884e-13,1.254
2.28069e-13,1.255
2.28255e-13,1.256
2.28441e-13,1.257
2.28629e-13,1.258
2.28817e-13,1.259
2.29006e-13,1.26
2.29195e-13,1.261
2.29383e-13,1.262
2.29574e-13,1.263
2.29767e-13,1.264
2.29961e-13,1.265
2.30154e-13,1.266
2.30349e-13,1.267
2.30544e-13,1.268
2.30741e-13,1.269
2.30934e-13,1.27
2.3113e-13,1.271
2.31325e-13,1.272
2.3152e-13,1.273
2.31714e-13,1.274
2.3191e-13,1.275
2.32104e-13,1.276
2.32301e-13,1.277
2.32495e-13,1.278
2.32689e-13,1.279
2.32883e-13,1.28
2.33079e-13,1.281
2.33276e-13,1.282
2.33477e-13,1.283
2.33678e-13,1.284
2.33877e-13,1.285
2.34075e-13,1.286
2.34273e-13,1.287
2.3447e-13,1.288
2.34667e-13,1.289
2.34864e-13,1.29
2.35062e-13,1.291
2.3526e-13,1.292
2.35458e-13,1.293
2.35656e-13,1.294
2.35857e-13,1.295
2.36059e-13,1.296
2.3626e-13,1.297
2.36461e-13,1.298
2.36661e-13,1.299
2.36862e-13,1.3
2.37059e-13,1.301
2.37256e-13,1.302
2.37453e-13,1.303
2.37652e-13,1.304
2.3785e-13,1.305
2.38048e-13,1.306
2.38247e-13,1.307
2.38445e-13,1.308
2.38643e-13,1.309
2.38841e-13,1.31
2.39037e-13,1.311
2.39233e-13,1.312
2.39431e-13,1.313
2.39627e-13,1.314
2.39825e-13,1.315
2.40022e-13,1.316
2.40218e-13,1.317
2.40413e-13,1.318
2.40609e-13,1.319
2.40805e-13,1.32
2.41e-13,1.321
2.41194e-13,1.322
2.41387e-13,1.323
2.4158e-13,1.324
2.41772e-13,1.325
2.41963e-13,1.326
2.42152e-13,1.327
2.42342e-13,1.328
2.4253e-13,1.329
2.42718e-13,1.33
2.42907e-13,1.331
2.43095e-13,1.332
2.43282e-13,1.333
2.43469e-13,1.334
2.43657e-13,1.335
2.43846e-13,1.336
2.44037e-13,1.337
2.44229e-13,1.338
2.44421e-13,1.339
2.44613e-13,1.34
2.44806e-13,1.341
2.44999e-13,1.342
2.45195e-13,1.343
2.45389e-13,1.344
2.45583e-13,1.345
2.45778e-13,1.346
2.45972e-13,1.347
2.46163e-13,1.348
2.46355e-13,1.349
2.46548e-13,1.35
2.46742e-13,1.351
2.46936e-13,1.352
2.47129e-13,1.353
2.47323e-13,1.354
2.47516e-13,1.355
2.47709e-13,1.356
2.47902e-13,1.357
2.48094e-13,1.358
2.48284e-13,1.359
2.48472e-13,1.36
2.4866e-13,1.361
2.48849e-13,1.362
2.49035e-13,1.363
2.49221e-13,1.364
2.49408e-13,1.365
2.49593e-13,1.366
2.49779e-13,1.367
2.49965e-13,1.368
2.5015e-13,1.369
2.50334e-13,1.37
2.50519e-13,1.371
2.50705e-13,1.372
2.50891e-13,1.373
2.51077e-13,1.374
2.51264e-13,1.375
2.51451e-13,1.376
2.51637e-13,1.377
2.51827e-13,1.378
2.52017e-13,1.379
2.52206e-13,1.38
2.52394e-13,1.381
2.5258e-13,1.382
2.52768e-13,1.383
2.52954e-13,1.384
2.53139e-13,1.385
2.53325e-13,1.386
2.53511e-13,1.387
2.53697e-13,1.388
2.53882e-13,1.389
2.54067e-13,1.39
2.54251e-13,1.391
2.54436e-13,1.392
2.54621e-13,1.393
2.54803e-13,1.394
2.54986e-13,1.395
2.5517e-13,1.396
2.55354e-13,1.397
2.55543e-13,1.398
2.55733e-13,1.399
2.55922e-13,1.4
2.5611e-13,1.401
2.56297e-13,1.402
2.56483e-13,1.403
2.56664e-13,1.404
2.56846e-13,1.405
2.57029e-13,1.406
2.57212e-13,1.407
2.57394e-13,1.408
2.57579e-13,1.409
2.57765e-13,1.41
2.57953e-13,1.411
2.5814e-13,1.412
2.58328e-13,1.413
2.58517e-13,1.414
2.58706e-13,1.415
2.58895e-13,1.416
2.59085e-13,1.417
2.59273e-13,1.418
2.5946e-13,1.419
2.59645e-13,1.42
2.59831e-13,1.421
2.60018e-13,1.422
2.60206e-13,1.423
2.60397e-13,1.424
2.60588e-13,1.425
2.6078e-13,1.426
2.6097e-13,1.427
2.61158e-13,1.428
2.61347e-13,1.429
2.61538e-13,1.43
2.61727e-13,1.431
2.61913e-13,1.432
2.62099e-13,1.433
2.62284e-13,1.434
2.6247e-13,1.435
2.62654e-13,1.436
2.62837e-13,1.437
2.63017e-13,1.438
2.63196e-13,1.439
2.63373e-13,1.44
2.63552e-13,1.441
2.63731e-13,1.442
2.63912e-13,1.443
2.64095e-13,1.444
2.6428e-13,1.445
2.64464e-13,1.446
2.64649e-13,1.447
2.64837e-13,1.448
2.65024e-13,1.449
2.65213e-13,1.45
2.65399e-13,1.451
2.65588e-13,1.452
2.6578e-13,1.453
2.65976e-13,1.454
2.66168e-13,1.455
2.66358e-13,1.456
2.66549e-13,1.457
2.66739e-13,1.458
2.6693e-13,1.459
2.6712e-13,1.46
2.67306e-13,1.461
2.67493e-13,1.462
2.6768e-13,1.463
2.67867e-13,1.464
2.68054e-13,1.465
2.68239e-13,1.466
2.68423e-13,1.467
2.68605e-13,1.468
2.68787e-13,1.469
2.6897e-13,1.47
2.69151e-13,1.471
2.69334e-13,1.472
2.6952e-13,1.473
2.69706e-13,1.474
2.69891e-13,1.475
2.70075e-13,1.476
2.70258e-13,1.477
2.7044e-13,1.478
2.70621e-13,1.479
2.70803e-13,1.48
2.70987e-13,1.481
2.71173e-13,1.482
2.71359e-13,1.483
2.71545e-13,1.484
2.71732e-13,1.485
2.71921e-13,1.486
2.72111e-13,1.487
2.72302e-13,1.488
2.72492e-13,1.489
2.7268e-13,1.49
2.72869e-13,1.491
2.73058e-13,1.492
2.73246e-13,1.493
2.73433e-13,1.494
2.73621e-13,1.495
2.73809e-13,1.496
2.73996e-13,1.497
2.74184e-13,1.498
2.74374e-13,1.499
2.74561e-13,1.5
2.74751e-13,1.501
2.74941e-13,1.502
2.7513e-13,1.503
2.75319e-13,1.504
2.75507e-13,1.505
2.75695e-13,1.506
2.75883e-13,1.507
2.76072e-13,1.508
2.76264e-13,1.509
2.76455e-13,1.51
2.76643e-13,1.511
2.76833e-13,1.512
2.77024e-13,1.513
2.77214e-13,1.514
2.77402e-13,1.515
2.7759e-13,1.516
2.77777e-13,1.517
2.77965e-13,1.518
2.78153e-13,1.519
2.78339e-13,1.52
2.78527e-13,1.521
2.78716e-13,1.522
2.78906e-13,1.523
2.79095e-13,1.524
2.79284e-13,1.525
2.79472e-13,1.526
2.7966e-13,1.527
2.79848e-13,1.528
2.80036e-13,1.529
2.80224e-13,1.53
2.80411e-13,1.531
2.806e-13,1.532
2.80788e-13,1.533
2.80975e-13,1.534
2.81161e-13,1.535
2.81348e-13,1.536
2.81533e-13,1.537
2.81716e-13,1.538
2.81899e-13,1.539
2.8208e-13,1.54
2.82264e-13,1.541
2.82446e-13,1.542
2.8263e-13,1.543
2.82814e-13,1.544
2.82997e-13,1.545
2.8318e-13,1.546
2.83364e-13,1.547
2.83549e-13,1.548
2.83732e-13,1.549
2.83913e-13,1.55
2.84097e-13,1.551
2.84281e-13,1.552
2.84464e-13,1.553
2.84651e-13,1.554
2.84833e-13,1.555
2.85015e-13,1.556
2.85197e-13,1.557
2.85376e-13,1.558
2.85554e-13,1.559
2.85736e-13,1.56
2.85919e-13,1.561
2.86101e-13,1.562
2.86283e-13,1.563
2.86467e-13,1.564
2.86654e-13,1.565
2.86838e-13,1.566
2.87022e-13,1.567
2.87206e-13,1.568
2.87391e-13,1.569
2.87576e-13,1.57
2.87762e-13,1.571
2.87949e-13,1.572
2.88137e-13,1.573
2.88323e-13,1.574
2.88508e-13,1.575
2.88694e-13,1.576
2.88878e-13,1.577
2.89062e-13,1.578
2.89246e-13,1.579
2.8943e-13,1.58
2.89613e-13,1.581
2.89797e-13,1.582
2.89982e-13,1.583
2.90169e-13,1.584
2.90357e-13,1.585
2.90545e-13,1.586
2.90731e-13,1.587
2.90918e-13,1.588
2.91102e-13,1.589
2.91283e-13,1.59
2.91464e-13,1.591
2.91647e-13,1.592
2.91832e-13,1.593
2.92016e-13,1.594
2.92201e-13,1.595
2.92388e-13,1.596
2.92571e-13,1.597
2.92755e-13,1.598
2.92938e-13,1.599
2.93122e-13,1.6
2.93306e-13,1.601
2.93492e-13,1.602
2.93681e-13,1.603
2.93868e-13,1.604
2.94054e-13,1.605
2.94241e-13,1.606
2.94428e-13,1.607
2.94615e-13,1.608
2.94803e-13,1.609
2.9499e-13,1.61
2.95178e-13,1.611
2.95368e-13,1.612
2.95557e-13,1.613
2.95746e-13,1.614
2.95937e-13,1.615
2.96128e-13,1.616
2.9632e-13,1.617
2.96513e-13,1.618
2.96705e-13,1.619
2.96898e-13,1.62
2.9709e-13,1.621
2.97282e-13,1.622
2.97474e-13,1.623
2.97666e-13,1.624
2.97858e-13,1.625
2.98047e-13,1.626
2.98235e-13,1.627
2.9842e-13,1.628
2.98603e-13,1.629
2.98786e-13,1.63
2.98968e-13,1.631
2.99152e-13,1.632
2.99337e-13,1.633
2.99522e-13,1.634
2.99707e-13,1.635
2.99888e-13,1.636
3.00069e-13,1.637
3.00251e-13,1.638
3.00431e-13,1.639
3.00613e-13,1.64
3.00794e-13,1.641
3.00976e-13,1.642
3.01158e-13,1.643
3.01344e-13,1.644
3.0153e-13,1.645
3.01715e-13,1.646
3.01901e-13,1.647
3.02086e-13,1.648
3.02269e-13,1.649
3.02454e-13,1.65
3.0264e-13,1.651
3.02822e-13,1.652
3.03006e-13,1.653
3.03188e-13,1.654
3.0337e-13,1.655
3.03551e-13,1.656
3.03729e-13,1.657
3.03908e-13,1.658
3.04085e-13,1.659
3.04263e-13,1.66
3.04439e-13,1.661
3.04615e-13,1.662
3.04791e-13,1.663
3.0497e-13,1.664
3.0515e-13,1.665
3.0533e-13,1.666
3.05513e-13,1.667
3.05694e-13,1.668
3.05876e-13,1.669
3.06056e-13,1.67
3.06238e-13,1.671
3.0642e-13,1.672
3.06602e-13,1.673
3.06784e-13,1.674
3.06965e-13,1.675
3.07148e-13,1.676
3.0733e-13,1.677
3.07514e-13,1.678
3.07697e-13,1.679
3.07881e-13,1.68
3.08064e-13,1.681
3.08247e-13,1.682
3.08429e-13,1.683
3.08612e-13,1.684
3.08797e-13,1.685
3.08984e-13,1.686
3.0917e-13,1.687
3.09356e-13,1.688
3.09541e-13,1.689
3.09727e-13,1.69
3.09912e-13,1.691
3.10094e-13,1.692
3.10276e-13,1.693
3.10458e-13,1.694
3.10639e-13,1.695
3.10819e-13,1.696
3.11002e-13,1.697
3.11185e-13,1.698
3.1137e-13,1.699
3.11557e-13,1.7
3.11746e-13,1.701
3.11936e-13,1.702
3.12123e-13,1.703
3.12312e-13,1.704
3.125e-13,1.705
3.12689e-13,1.706
3.12877e-13,1.707
3.13068e-13,1.708
3.1326e-13,1.709
3.13454e-13,1.71
3.13646e-13,1.711
3.13839e-13,1.712
3.14031e-13,1.713
3.14224e-13,1.714
3.14417e-13,1.715
3.14611e-13,1.716
3.14805e-13,1.717
3.14999e-13,1.718
3.15192e-13,1.719
3.15383e-13,1.72
3.15577e-13,1.721
3.15768e-13,1.722
3.1596e-13,1.723
3.16151e-13,1.724
3.16344e-13,1.725
3.16539e-13,1.726
3.16734e-13,1.727
3.16929e-13,1.728
3.17123e-13,1.729
3.17317e-13,1.73
3.17509e-13,1.731
3.17704e-13,1.732
3.17895e-13,1.733
3.18089e-13,1.734
3.18284e-13,1.735
3.18477e-13,1.736
3.18668e-13,1.737
3.1886e-13,1.738
3.1905e-13,1.739
3.19239e-13,1.74
3.1943e-13,1.741
3.1962e-13,1.742
3.19806e-13,1.743
3.19995e-13,1.744
3.20185e-13,1.745
3.20372e-13,1.746
3.20558e-13,1.747
3.20743e-13,1.748
3.20928e-13,1.749
3.21112e-13,1.75
3.21294e-13,1.751
3.21476e-13,1.752
3.21656e-13,1.753
3.21837e-13,1.754
3.22016e-13,1.755
3.22194e-13,1.756
3.2237e-13,1.757
3.22546e-13,1.758
3.22725e-13,1.759
3.22902e-13,1.76
3.23078e-13,1.761
3.23256e-13,1.762
3.23436e-13,1.763
3.23614e-13,1.764
3.23793e-13,1.765
3.23969e-13,1.766
3.24147e-13,1.767
3.24325e-13,1.768
3.24504e-13,1.769
3.24683e-13,1.77
3.24864e-13,1.771
3.25048e-13,1.772
3.25231e-13,1.773
3.25414e-13,1.774
3.25596e-13,1.775
3.25774e-13,1.776
3.25952e-13,1.777
3.26131e-13,1.778
3.26307e-13,1.779
3.26482e-13,1.78
3.26658e-13,1.781
3.26834e-13,1.782
3.27011e-13,1.783
3.27187e-13,1.784
3.27361e-13,1.785
3.27537e-13,1.786
3.27715e-13,1.787
3.27891e-13,1.788
3.28065e-13,1.789
3.2824e-13,1.79
3.28416e-13,1.791
3.28591e-13,1.792
3.28766e-13,1.793
3.28941e-13,1.794
3.29116e-13,1.795
3.29293e-13,1.796
3.2947e-13,1.797
3.29648e-13,1.798
3.29826e-13,1.799
3.30004e-13,1.8
3.30182e-13,1.801
3.3036e-13,1.802
3.30539e-13,1.803
3.30722e-13,1.804
3.30905e-13,1.805
3.31087e-13,1.806
3.31274e-13,1.807
3.31458e-13,1.808
3.31645e-13,1.809
3.31834e-13,1.81
3.32021e-13,1.811
3.32208e-13,1.812
3.32391e-13,1.813
3.32569e-13,1.814
3.32747e-13,1.815
3.32924e-13,1.816
3.33102e-13,1.817
3.3328e-13,1.818
3.33459e-13,1.819
3.3364e-13,1.82
3.33821e-13,1.821
3.34003e-13,1.822
3.34185e-13,1.823
3.34369e-13,1.824
3.34555e-13,1.825
3.34742e-13,1.826
3.34932e-13,1.827
3.35123e-13,1.828
3.35312e-13,1.829
3.355e-13,1.83
3.35688e-13,1.831
3.35876e-13,1.832
3.36066e-13,1.833
3.36256e-13,1.834
3.36448e-13,1.835
3.36643e-13,1.836
3.36835e-13,1.837
3.37027e-13,1.838
3.37218e-13,1.839
3.37412e-13,1.84
3.37605e-13,1.841
3.37799e-13,1.842
3.37993e-13,1.843
3.38186e-13,1.844
3.38377e-13,1.845
3.38567e-13,1.846
3.38754e-13,1.847
3.38943e-13,1.848
3.39129e-13,1.849
3.39317e-13,1.85
3.39505e-13,1.851
3.39691e-13,1.852
3.39877e-13,1.853
3.40061e-13,1.854
3.40245e-13,1.855
3.40428e-13,1.856
3.40609e-13,1.857
3.4079e-13,1.858
3.40971e-13,1.859
3.41149e-13,1.86
3.4133e-13,1.861
3.41511e-13,1.862
3.41693e-13,1.863
3.41872e-13,1.864
3.42051e-13,1.865
3.4223e-13,1.866
3.42406e-13,1.867
3.4258e-13,1.868
3.42754e-13,1.869
3.42929e-13,1.87
3.43106e-13,1.871
3.43285e-13,1.872
3.43466e-13,1.873
3.43646e-13,1.874
3.43829e-13,1.875
3.44012e-13,1.876
3.44195e-13,1.877
3.44375e-13,1.878
3.44556e-13,1.879
3.44736e-13,1.88
3.44915e-13,1.881
3.45095e-13,1.882
3.45275e-13,1.883
3.45451e-13,1.884
3.45629e-13,1.885
3.45809e-13,1.886
3.45988e-13,1.887
3.46166e-13,1.888
3.46343e-13,1.889
3.46518e-13,1.89
3.46695e-13,1.891
3.46872e-13,1.892
3.47052e-13,1.893
3.47232e-13,1.894
3.47413e-13,1.895
3.47596e-13,1.896
3.47778e-13,1.897
3.4796e-13,1.898
3.48142e-13,1.899
3.48323e-13,1.9
3.48502e-13,1.901
3.48681e-13,1.902
3.48857e-13,1.903
3.49032e-13,1.904
3.49207e-13,1.905
3.49384e-13,1.906
3.49564e-13,1.907
3.49744e-13,1.908
3.49926e-13,1.909
3.50105e-13,1.91
3.50283e-13,1.911
3.50462e-13,1.912
3.50643e-13,1.913
3.50824e-13,1.914
3.51006e-13,1.915
3.51188e-13,1.916
3.51372e-13,1.917
3.51552e-13,1.918
3.51734e-13,1.919
3.51916e-13,1.92
3.52095e-13,1.921
3.52274e-13,1.922
3.5245e-13,1.923
3.52627e-13,1.924
3.52805e-13,1.925
3.52983e-13,1.926
3.53157e-13,1.927
3.53331e-13,1.928
3.53507e-13,1.929
3.53686e-13,1.93
3.53864e-13,1.931
3.5404e-13,1.932
3.54216e-13,1.933
3.54391e-13,1.934
3.54569e-13,1.935
3.54748e-13,1.936
3.54926e-13,1.937
3.55106e-13,1.938
3.55284e-13,1.939
3.55464e-13,1.94
3.55644e-13,1.941
3.55826e-13,1.942
3.5601e-13,1.943
3.56195e-13,1.944
3.56381e-13,1.945
3.56565e-13,1.946
3.56748e-13,1.947
3.56935e-13,1.948
3.57121e-13,1.949
3.57306e-13,1.95
3.57492e-13,1.951
3.57682e-13,1.952
3.5787e-13,1.953
3.58058e-13,1.954
3.58247e-13,1.955
3.58432e-13,1.956
3.58618e-13,1.957
3.58803e-13,1.958
3.58986e-13,1.959
3.59166e-13,1.96
3.59347e-13,1.961
3.59524e-13,1.962
3.59702e-13,1.963
3.5988e-13,1.964
3.60059e-13,1.965
3.60241e-13,1.966
3.60422e-13,1.967
3.60605e-13,1.968
3.60789e-13,1.969
3.60973e-13,1.97
3.61154e-13,1.971
3.61336e-13,1.972
3.61517e-13,1.973
3.61701e-13,1.974
3.61882e-13,1.975
3.62063e-13,1.976
3.62242e-13,1.977
3.62421e-13,1.978
3.626e-13,1.979
3.62779e-13,1.98
3.6296e-13,1.981
3.63139e-13,1.982
3.63319e-13,1.983
3.63501e-13,1.984
3.63684e-13,1.985
3.63867e-13,1.986
3.6405e-13,1.987
3.6423e-13,1.988
3.64414e-13,1.989
3.64599e-13,1.99
3.64784e-13,1.991
3.6497e-13,1.992
3.65158e-13,1.993
3.65346e-13,1.994
3.65537e-13,1.995
3.65729e-13,1.996
3.65921e-13,1.997
3.66115e-13,1.998
3.66306e-13,1.999
3.66493e-13,2
3.6668e-13,2.001
3.66869e-13,2.002
3.67057e-13,2.003
3.67243e-13,2.004
3.67429e-13,2.005
3.67615e-13,2.006
3.67802e-13,2.007
3.67991e-13,2.008
3.6818e-13,2.009
3.68365e-13,2.01
3.6855e-13,2.011
3.68735e-13,2.012
3.68922e-13,2.013
3.6911e-13,2.014
3.69299e-13,2.015
3.69491e-13,2.016
3.69684e-13,2.017
3.69877e-13,2.018
3.70068e-13,2.019
3.70259e-13,2.02
3.7045e-13,2.021
3.70643e-13,2.022
3.70836e-13,2.023
3.71028e-13,2.024
3.71222e-13,2.025
3.71414e-13,2.026
3.71609e-13,2.027
3.71805e-13,2.028
3.72001e-13,2.029
3.72198e-13,2.03
3.72395e-13,2.031
3.72595e-13,2.032
3.72793e-13,2.033
3.72991e-13,2.034
3.73189e-13,2.035
3.7339e-13,2.036
3.73592e-13,2.037
3.73795e-13,2.038
3.73997e-13,2.039
3.74197e-13,2.04
3.74398e-13,2.041
3.74595e-13,2.042
3.74791e-13,2.043
3.74988e-13,2.044
3.75184e-13,2.045
3.75377e-13,2.046
3.7557e-13,2.047
3.7576e-13,2.048
3.7595e-13,2.049
3.76141e-13,2.05
3.76332e-13,2.051
3.7652e-13,2.052
3.76709e-13,2.053
3.76897e-13,2.054
3.77084e-13,2.055
3.77272e-13,2.056
3.77457e-13,2.057
3.77644e-13,2.058
3.77831e-13,2.059
3.78019e-13,2.06
3.78208e-13,2.061
3.78396e-13,2.062
3.78584e-13,2.063
3.78771e-13,2.064
3.78957e-13,2.065
3.79143e-13,2.066
3.79333e-13,2.067
3.79524e-13,2.068
3.79714e-13,2.069
3.79907e-13,2.07
3.80099e-13,2.071
3.80292e-13,2.072
3.80485e-13,2.073
3.80679e-13,2.074
3.80871e-13,2.075
3.81064e-13,2.076
3.81256e-13,2.077
3.81447e-13,2.078
3.81638e-13,2.079
3.8183e-13,2.08
3.82023e-13,2.081
3.82219e-13,2.082
3.82418e-13,2.083
3.82617e-13,2.084
3.82813e-13,2.085
3.8301e-13,2.086
3.83205e-13,2.087
3.83404e-13,2.088
3.83604e-13,2.089
3.83802e-13,2.09
3.84e-13,2.091
3.84196e-13,2.092
3.84392e-13,2.093
3.84587e-13,2.094
3.8478e-13,2.095
3.84973e-13,2.096
3.85165e-13,2.097
3.85352e-13,2.098
3.85538e-13,2.099
3.85724e-13,2.1
3.85908e-13,2.101
3.86093e-13,2.102
3.8628e-13,2.103
3.86469e-13,2.104
3.86658e-13,2.105
3.86848e-13,2.106
3.87038e-13,2.107
3.8723e-13,2.108
3.8742e-13,2.109
3.87611e-13,2.11
3.878e-13,2.111
3.8799e-13,2.112
3.88178e-13,2.113
3.88367e-13,2.114
3.88556e-13,2.115
3.88743e-13,2.116
3.8893e-13,2.117
3.89119e-13,2.118
3.89306e-13,2.119
3.89497e-13,2.12
3.89688e-13,2.121
3.89879e-13,2.122
3.9007e-13,2.123
3.9026e-13,2.124
3.90451e-13,2.125
3.90643e-13,2.126
3.90835e-13,2.127
3.91027e-13,2.128
3.91216e-13,2.129
3.91405e-13,2.13
3.91597e-13,2.131
3.91791e-13,2.132
3.91986e-13,2.133
3.92182e-13,2.134
3.9238e-13,2.135
3.92578e-13,2.136
3.92776e-13,2.137
3.92976e-13,2.138
3.93174e-13,2.139
3.93374e-13,2.14
3.93576e-13,2.141
3.9378e-13,2.142
3.93985e-13,2.143
3.94191e-13,2.144
3.944e-13,2.145
3.94607e-13,2.146
3.94811e-13,2.147
3.95015e-13,2.148
3.95221e-13,2.149
3.95429e-13,2.15
3.95634e-13,2.151
3.9584e-13,2.152
3.96044e-13,2.153
3.9625e-13,2.154
3.96458e-13,2.155
3.96666e-13,2.156
3.96875e-13,2.157
3.97083e-13,2.158
3.97291e-13,2.159
3.97498e-13,2.16
3.97706e-13,2.161
3.97914e-13,2.162
3.98122e-13,2.163
3.98331e-13,2.164
3.98542e-13,2.165
3.98751e-13,2.166
3.98955e-13,2.167
3.99159e-13,2.168
3.99361e-13,2.169
3.99562e-13,2.17
3.99765e-13,2.171
3.99964e-13,2.172
4.00162e-13,2.173
4.00357e-13,2.174
4.0055e-13,2.175
4.00745e-13,2.176
4.00936e-13,2.177
4.01127e-13,2.178
4.01315e-13,2.179
4.01501e-13,2.18
4.01686e-13,2.181
4.01869e-13,2.182
4.02051e-13,2.183
4.02236e-13,2.184
4.0242e-13,2.185
4.02601e-13,2.186
4.02781e-13,2.187
4.02958e-13,2.188
4.03136e-13,2.189
4.03314e-13,2.19
4.0349e-13,2.191
4.03668e-13,2.192
4.03845e-13,2.193
4.04025e-13,2.194
4.04207e-13,2.195
4.04388e-13,2.196
4.04569e-13,2.197
4.04752e-13,2.198
4.04935e-13,2.199
4.05118e-13,2.2
4.05304e-13,2.201
4.05493e-13,2.202
4.05681e-13,2.203
4.05866e-13,2.204
4.06051e-13,2.205
4.0623e-13,2.206
4.0641e-13,2.207
4.06592e-13,2.208
4.06774e-13,2.209
4.06954e-13,2.21
4.07131e-13,2.211
4.07308e-13,2.212
4.07485e-13,2.213
4.07663e-13,2.214
4.07838e-13,2.215
4.08011e-13,2.216
4.08182e-13,2.217
4.08355e-13,2.218
4.08528e-13,2.219
4.08703e-13,2.22
4.08878e-13,2.221
4.09054e-13,2.222
4.09226e-13,2.223
4.09399e-13,2.224
4.09572e-13,2.225
4.09745e-13,2.226
4.09919e-13,2.227
4.10096e-13,2.228
4.10272e-13,2.229
4.10446e-13,2.23
4.1062e-13,2.231
4.1079e-13,2.232
4.10961e-13,2.233
4.1113e-13,2.234
4.11303e-13,2.235
4.11477e-13,2.236
4.11651e-13,2.237
4.11825e-13,2.238
4.12e-13,2.239
4.12176e-13,2.24
4.12351e-13,2.241
4.12529e-13,2.242
4.12708e-13,2.243
4.12886e-13,2.244
4.13062e-13,2.245
4.13235e-13,2.246
4.13409e-13,2.247
4.13582e-13,2.248
4.13753e-13,2.249
4.13924e-13,2.25
4.14094e-13,2.251
4.14264e-13,2.252
4.14435e-13,2.253
4.14602e-13,2.254
4.14769e-13,2.255
4.14938e-13,2.256
4.15106e-13,2.257
4.15273e-13,2.258
4.15439e-13,2.259
4.15608e-13,2.26
4.15779e-13,2.261
4.15949e-13,2.262
4.16121e-13,2.263
4.16291e-13,2.264
4.16463e-13,2.265
4.16634e-13,2.266
4.16806e-13,2.267
4.16976e-13,2.268
4.17147e-13,2.269
4.17317e-13,2.27
4.17492e-13,2.271
4.1767e-13,2.272
4.17848e-13,2.273
4.18027e-13,2.274
4.18205e-13,2.275
4.18381e-13,2.276
4.18557e-13,2.277
4.1873e-13,2.278
4.18904e-13,2.279
4.1908e-13,2.28
4.19256e-13,2.281
4.1943e-13,2.282
4.19608e-13,2.283
4.19786e-13,2.284
4.19961e-13,2.285
4.20134e-13,2.286
4.20306e-13,2.287
4.20476e-13,2.288
4.20643e-13,2.289
4.20807e-13,2.29
4.20972e-13,2.291
4.21136e-13,2.292
4.213e-13,2.293
4.21464e-13,2.294
4.21627e-13,2.295
4.21794e-13,2.296
4.21962e-13,2.297
4.2213e-13,2.298
4.223e-13,2.299
4.2247e-13,2.3
4.22639e-13,2.301
4.22809e-13,2.302
4.22979e-13,2.303
4.23148e-13,2.304
4.23318e-13,2.305
4.23489e-13,2.306
4.2366e-13,2.307
4.2383e-13,2.308
4.24001e-13,2.309
4.24173e-13,2.31
4.24347e-13,2.311
4.24517e-13,2.312
4.2469e-13,2.313
4.24862e-13,2.314
4.25034e-13,2.315
4.25208e-13,2.316
4.25382e-13,2.317
4.25556e-13,2.318
4.25729e-13,2.319
4.25903e-13,2.32
4.26076e-13,2.321
4.26251e-13,2.322
4.26427e-13,2.323
4.26603e-13,2.324
4.26781e-13,2.325
4.26959e-13,2.326
4.27136e-13,2.327
4.27313e-13,2.328
4.27491e-13,2.329
4.27667e-13,2.33
4.27844e-13,2.331
4.2802e-13,2.332
4.28197e-13,2.333
4.28375e-13,2.334
4.28555e-13,2.335
4.28729e-13,2.336
4.28903e-13,2.337
4.29075e-13,2.338
4.29247e-13,2.339
4.29421e-13,2.34
4.29594e-13,2.341
4.29767e-13,2.342
4.29941e-13,2.343
4.30114e-13,2.344
4.30287e-13,2.345
4.30459e-13,2.346
4.30629e-13,2.347
4.30796e-13,2.348
4.30962e-13,2.349
4.31125e-13,2.35
4.31287e-13,2.351
4.31451e-13,2.352
4.31616e-13,2.353
4.31785e-13,2.354
4.31955e-13,2.355
4.32126e-13,2.356
4.32297e-13,2.357
4.32469e-13,2.358
4.32642e-13,2.359
4.32813e-13,2.36
4.32983e-13,2.361
4.33155e-13,2.362
4.33327e-13,2.363
4.33499e-13,2.364
4.33669e-13,2.365
4.33839e-13,2.366
4.34011e-13,2.367
4.34182e-13,2.368
4.34353e-13,2.369
4.34523e-13,2.37
4.34692e-13,2.371
4.34863e-13,2.372
4.35036e-13,2.373
4.35209e-13,2.374
4.35382e-13,2.375
4.35554e-13,2.376
4.35728e-13,2.377
4.35899e-13,2.378
4.36075e-13,2.379
4.3625e-13,2.38
4.36426e-13,2.381
4.36603e-13,2.382
4.3678e-13,2.383
4.36959e-13,2.384
4.37139e-13,2.385
4.37318e-13,2.386
4.37498e-13,2.387
4.37677e-13,2.388
4.37856e-13,2.389
4.38033e-13,2.39
4.38206e-13,2.391
4.38378e-13,2.392
4.3855e-13,2.393
4.38719e-13,2.394
4.38889e-13,2.395
4.39057e-13,2.396
4.39223e-13,2.397
4.39389e-13,2.398
4.39555e-13,2.399
4.39722e-13,2.4
4.39891e-13,2.401
4.40058e-13,2.402
4.40227e-13,2.403
4.40395e-13,2.404
4.40566e-13,2.405
4.40737e-13,2.406
4.40908e-13,2.407
4.41078e-13,2.408
4.41248e-13,2.409
4.41419e-13,2.41
4.41592e-13,2.411
4.41768e-13,2.412
4.41941e-13,2.413
4.42115e-13,2.414
4.42287e-13,2.415
4.42461e-13,2.416
4.42635e-13,2.417
4.42809e-13,2.418
4.42982e-13,2.419
4.43157e-13,2.42
4.4333e-13,2.421
4.43503e-13,2.422
4.43677e-13,2.423
4.4385e-13,2.424
4.44022e-13,2.425
4.44197e-13,2.426
4.44373e-13,2.427
4.4455e-13,2.428
4.44722e-13,2.429
4.44892e-13,2.43
4.45064e-13,2.431
4.45234e-13,2.432
4.45404e-13,2.433
4.45576e-13,2.434
4.45747e-13,2.435
4.45918e-13,2.436
4.46089e-13,2.437
4.46256e-13,2.438
4.46424e-13,2.439
4.4659e-13,2.44
4.46758e-13,2.441
4.46926e-13,2.442
4.47095e-13,2.443
4.47266e-13,2.444
4.47436e-13,2.445
4.47601e-13,2.446
4.47766e-13,2.447
4.47932e-13,2.448
4.48098e-13,2.449
4.48262e-13,2.45
4.48422e-13,2.451
4.48581e-13,2.452
4.4874e-13,2.453
4.48896e-13,2.454
4.49055e-13,2.455
4.49212e-13,2.456
4.49369e-13,2.457
4.49525e-13,2.458
4.49682e-13,2.459
4.49843e-13,2.46
4.50005e-13,2.461
4.50169e-13,2.462
4.50333e-13,2.463
4.50496e-13,2.464
4.50659e-13,2.465
4.50819e-13,2.466
4.50981e-13,2.467
4.51145e-13,2.468
4.5131e-13,2.469
4.51474e-13,2.47
4.51636e-13,2.471
4.518e-13,2.472
4.51965e-13,2.473
4.52131e-13,2.474
4.52296e-13,2.475
4.52459e-13,2.476
4.52626e-13,2.477
4.52792e-13,2.478
4.52958e-13,2.479
4.53125e-13,2.48
4.5329e-13,2.481
4.53456e-13,2.482
4.53621e-13,2.483
4.53785e-13,2.484
4.53949e-13,2.485
4.54114e-13,2.486
4.54278e-13,2.487
4.54441e-13,2.488
4.54604e-13,2.489
4.54765e-13,2.49
4.54926e-13,2.491
4.55088e-13,2.492
4.55247e-13,2.493
4.55408e-13,2.494
4.55566e-13,2.495
4.55727e-13,2.496
4.55885e-13,2.497
4.56045e-13,2.498
4.56209e-13,2.499
4.56374e-13,2.5
4.56538e-13,2.501
4.56702e-13,2.502
4.56867e-13,2.503
4.57032e-13,2.504
4.57197e-13,2.505
4.57365e-13,2.506
4.57532e-13,2.507
4.577e-13,2.508
4.5787e-13,2.509
4.58039e-13,2.51
4.58211e-13,2.511
4.58383e-13,2.512
4.58555e-13,2.513
4.58726e-13,2.514
4.58894e-13,2.515
4.59062e-13,2.516
4.59228e-13,2.517
4.59396e-13,2.518
4.59563e-13,2.519
4.59731e-13,2.52
4.59897e-13,2.521
4.60066e-13,2.522
4.60237e-13,2.523
4.60407e-13,2.524
4.60578e-13,2.525
4.60748e-13,2.526
4.60918e-13,2.527
4.61085e-13,2.528
4.61248e-13,2.529
4.61414e-13,2.53
4.61577e-13,2.531
4.61741e-13,2.532
4.61902e-13,2.533
4.62065e-13,2.534
4.62226e-13,2.535
4.62388e-13,2.536
4.62551e-13,2.537
4.62715e-13,2.538
4.62876e-13,2.539
4.6304e-13,2.54
4.63206e-13,2.541
4.63371e-13,2.542
4.63537e-13,2.543
4.63706e-13,2.544
4.63875e-13,2.545
4.64046e-13,2.546
4.64219e-13,2.547
4.64393e-13,2.548
4.64571e-13,2.549
4.64747e-13,2.55
4.64924e-13,2.551
4.651e-13,2.552
4.65279e-13,2.553
4.65458e-13,2.554
4.65639e-13,2.555
4.65819e-13,2.556
4.66002e-13,2.557
4.66185e-13,2.558
4.66372e-13,2.559
4.66558e-13,2.56
4.66746e-13,2.561
4.66934e-13,2.562
4.67122e-13,2.563
4.6731e-13,2.564
4.675e-13,2.565
4.6769e-13,2.566
4.6788e-13,2.567
4.68068e-13,2.568
4.68256e-13,2.569
4.68448e-13,2.57
4.6864e-13,2.571
4.68834e-13,2.572
4.69028e-13,2.573
4.6922e-13,2.574
4.69413e-13,2.575
4.69608e-13,2.576
4.69804e-13,2.577
4.7e-13,2.578
4.70195e-13,2.579
4.70392e-13,2.58
4.70589e-13,2.581
4.70786e-13,2.582
4.70983e-13,2.583
4.71179e-13,2.584
4.71373e-13,2.585
4.71568e-13,2.586
4.71764e-13,2.587
4.71958e-13,2.588
4.7215e-13,2.589
4.72339e-13,2.59
4.72528e-13,2.591
4.72715e-13,2.592
4.72903e-13,2.593
4.73089e-13,2.594
4.73276e-13,2.595
4.73463e-13,2.596
4.73648e-13,2.597
4.73832e-13,2.598
4.74015e-13,2.599
4.74199e-13,2.6
4.74384e-13,2.601
4.7457e-13,2.602
4.74754e-13,2.603
4.74937e-13,2.604
4.7512e-13,2.605
4.75306e-13,2.606
4.75491e-13,2.607
4.75675e-13,2.608
4.75858e-13,2.609
4.7604e-13,2.61
4.76219e-13,2.611
4.764e-13,2.612
4.7658e-13,2.613
4.76756e-13,2.614
4.76935e-13,2.615
4.77114e-13,2.616
4.7729e-13,2.617
4.77465e-13,2.618
4.77642e-13,2.619
4.77819e-13,2.62
4.77991e-13,2.621
4.78164e-13,2.622
4.78336e-13,2.623
4.78508e-13,2.624
4.7868e-13,2.625
4.7885e-13,2.626
4.79021e-13,2.627
4.79194e-13,2.628
4.79367e-13,2.629
4.79542e-13,2.63
4.79718e-13,2.631
4.79894e-13,2.632
4.80069e-13,2.633
4.80245e-13,2.634
4.8042e-13,2.635
4.80596e-13,2.636
4.80776e-13,2.637
4.80956e-13,2.638
4.81134e-13,2.639
4.81313e-13,2.64
4.81494e-13,2.641
4.81673e-13,2.642
4.81852e-13,2.643
4.8203e-13,2.644
4.82209e-13,2.645
4.8239e-13,2.646
4.8257e-13,2.647
4.82754e-13,2.648
4.82937e-13,2.649
4.83118e-13,2.65
4.83299e-13,2.651
4.83484e-13,2.652
4.83668e-13,2.653
4.83855e-13,2.654
4.84044e-13,2.655
4.84232e-13,2.656
4.84419e-13,2.657
4.84606e-13,2.658
4.84792e-13,2.659
4.84975e-13,2.66
4.85161e-13,2.661
4.85347e-13,2.662
4.85535e-13,2.663
4.85724e-13,2.664
4.85912e-13,2.665
4.861e-13,2.666
4.86291e-13,2.667
4.86483e-13,2.668
4.86673e-13,2.669
4.86859e-13,2.67
4.87042e-13,2.671
4.87224e-13,2.672
4.87406e-13,2.673
4.87592e-13,2.674
4.87777e-13,2.675
4.87963e-13,2.676
4.88152e-13,2.677
4.88341e-13,2.678
4.8853e-13,2.679
4.88718e-13,2.68
4.88906e-13,2.681
4.89096e-13,2.682
4.89284e-13,2.683
4.89472e-13,2.684
4.89659e-13,2.685
4.89847e-13,2.686
4.90037e-13,2.687
4.90225e-13,2.688
4.90414e-13,2.689
4.90603e-13,2.69
4.9079e-13,2.691
4.90978e-13,2.692
4.91166e-13,2.693
4.91354e-13,2.694
4.91539e-13,2.695
4.91727e-13,2.696
4.91915e-13,2.697
4.92104e-13,2.698
4.92292e-13,2.699
4.92481e-13,2.7
4.92663e-13,2.701
4.92846e-13,2.702
4.93026e-13,2.703
4.93204e-13,2.704
4.93381e-13,2.705
4.93558e-13,2.706
4.93738e-13,2.707
4.93915e-13,2.708
4.94093e-13,2.709
4.94271e-13,2.71
4.94454e-13,2.711
4.94639e-13,2.712
4.94825e-13,2.713
4.95013e-13,2.714
4.95203e-13,2.715
4.95391e-13,2.716
4.95579e-13,2.717
4.95768e-13,2.718
4.95957e-13,2.719
4.96142e-13,2.72
4.9633e-13,2.721
4.96518e-13,2.722
4.96705e-13,2.723
4.96895e-13,2.724
4.97085e-13,2.725
4.97277e-13,2.726
4.97472e-13,2.727
4.97666e-13,2.728
4.9786e-13,2.729
4.98056e-13,2.73
4.98252e-13,2.731
4.98451e-13,2.732
4.98647e-13,2.733
4.98843e-13,2.734
4.99033e-13,2.735
4.99222e-13,2.736
4.99412e-13,2.737
4.99601e-13,2.738
4.9979e-13,2.739
4.9998e-13,2.74
5.00172e-13,2.741
5.00364e-13,2.742
5.00553e-13,2.743
5.00742e-13,2.744
5.00932e-13,2.745
5.01121e-13,2.746
5.01309e-13,2.747
5.01501e-13,2.748
5.01696e-13,2.749
5.01892e-13,2.75
5.02085e-13,2.751
5.02277e-13,2.752
5.02468e-13,2.753
5.02656e-13,2.754
5.02847e-13,2.755
5.03034e-13,2.756
5.03221e-13,2.757
5.03409e-13,2.758
5.03597e-13,2.759
5.03781e-13,2.76
5.03963e-13,2.761
5.04144e-13,2.762
5.04322e-13,2.763
5.045e-13,2.764
5.04679e-13,2.765
5.04857e-13,2.766
5.05034e-13,2.767
5.0521e-13,2.768
5.05388e-13,2.769
5.05566e-13,2.77
5.05741e-13,2.771
5.05917e-13,2.772
5.06094e-13,2.773
5.06274e-13,2.774
5.06451e-13,2.775
5.06629e-13,2.776
5.06806e-13,2.777
5.06984e-13,2.778
5.07165e-13,2.779
5.07347e-13,2.78
5.07532e-13,2.781
5.07717e-13,2.782
5.079e-13,2.783
5.08085e-13,2.784
5.08271e-13,2.785
5.08454e-13,2.786
5.08635e-13,2.787
5.08815e-13,2.788
5.08993e-13,2.789
5.09169e-13,2.79
5.09345e-13,2.791
5.09522e-13,2.792
5.09699e-13,2.793
5.09875e-13,2.794
5.10051e-13,2.795
5.10227e-13,2.796
5.10404e-13,2.797
5.10583e-13,2.798
5.10761e-13,2.799
5.10938e-13,2.8
5.11115e-13,2.801
5.11292e-13,2.802
5.11472e-13,2.803
5.11653e-13,2.804
5.11832e-13,2.805
5.12015e-13,2.806
5.12197e-13,2.807
5.12377e-13,2.808
5.12558e-13,2.809
5.12738e-13,2.81
5.12919e-13,2.811
5.13102e-13,2.812
5.13287e-13,2.813
5.13474e-13,2.814
5.13663e-13,2.815
5.13852e-13,2.816
5.14041e-13,2.817
5.1423e-13,2.818
5.14418e-13,2.819
5.14606e-13,2.82
5.14793e-13,2.821
5.14979e-13,2.822
5.15163e-13,2.823
5.15351e-13,2.824
5.15538e-13,2.825
5.15727e-13,2.826
5.15916e-13,2.827
5.16102e-13,2.828
5.16291e-13,2.829
5.1648e-13,2.83
5.16671e-13,2.831
5.16862e-13,2.832
5.17053e-13,2.833
5.17241e-13,2.834
5.17424e-13,2.835
5.17608e-13,2.836
5.17791e-13,2.837
5.17977e-13,2.838
5.18161e-13,2.839
5.18347e-13,2.84
5.18532e-13,2.841
5.18719e-13,2.842
5.18906e-13,2.843
5.19096e-13,2.844
5.19286e-13,2.845
5.19474e-13,2.846
5.19666e-13,2.847
5.19859e-13,2.848
5.20054e-13,2.849
5.20245e-13,2.85
5.20436e-13,2.851
5.20625e-13,2.852
5.20814e-13,2.853
5.21003e-13,2.854
5.2119e-13,2.855
5.21381e-13,2.856
5.21573e-13,2.857
5.21768e-13,2.858
5.21963e-13,2.859
5.22162e-13,2.86
5.2236e-13,2.861
5.22553e-13,2.862
5.22745e-13,2.863
5.22936e-13,2.864
5.23128e-13,2.865
5.23318e-13,2.866
5.23508e-13,2.867
5.23699e-13,2.868
5.23887e-13,2.869
5.24074e-13,2.87
5.24259e-13,2.871
5.24444e-13,2.872
5.24628e-13,2.873
5.24812e-13,2.874
5.24996e-13,2.875
5.25177e-13,2.876
5.25361e-13,2.877
5.25542e-13,2.878
5.25722e-13,2.879
5.25901e-13,2.88
5.26081e-13,2.881
5.26259e-13,2.882
5.2644e-13,2.883
5.26623e-13,2.884
5.26807e-13,2.885
5.26991e-13,2.886
5.27174e-13,2.887
5.27359e-13,2.888
5.27544e-13,2.889
5.27731e-13,2.89
5.27921e-13,2.891
5.28109e-13,2.892
5.283e-13,2.893
5.28495e-13,2.894
5.28693e-13,2.895
5.2889e-13,2.896
5.29086e-13,2.897
5.29282e-13,2.898
5.29478e-13,2.899
5.29672e-13,2.9
5.29865e-13,2.901
5.30057e-13,2.902
5.3025e-13,2.903
5.30444e-13,2.904
5.30635e-13,2.905
5.30825e-13,2.906
5.31013e-13,2.907
5.31203e-13,2.908
5.31392e-13,2.909
5.31582e-13,2.91
5.31774e-13,2.911
5.31967e-13,2.912
5.32159e-13,2.913
5.3235e-13,2.914
5.32543e-13,2.915
5.32735e-13,2.916
5.32925e-13,2.917
5.33111e-13,2.918
5.33296e-13,2.919
5.33481e-13,2.92
5.33667e-13,2.921
5.33855e-13,2.922
5.34041e-13,2.923
5.3423e-13,2.924
5.34417e-13,2.925
5.34602e-13,2.926
5.34788e-13,2.927
5.34971e-13,2.928
5.35156e-13,2.929
5.35341e-13,2.93
5.35526e-13,2.931
5.35715e-13,2.932
5.35899e-13,2.933
5.36082e-13,2.934
5.36265e-13,2.935
5.36447e-13,2.936
5.36632e-13,2.937
5.36816e-13,2.938
5.37003e-13,2.939
5.3719e-13,2.94
5.37374e-13,2.941
5.37563e-13,2.942
5.37754e-13,2.943
5.37944e-13,2.944
5.38134e-13,2.945
5.38325e-13,2.946
5.38514e-13,2.947
5.38704e-13,2.948
5.38893e-13,2.949
5.39088e-13,2.95
5.39283e-13,2.951
5.39478e-13,2.952
5.39673e-13,2.953
5.3987e-13,2.954
5.40065e-13,2.955
5.40261e-13,2.956
5.40456e-13,2.957
5.4065e-13,2.958
5.40845e-13,2.959
5.41038e-13,2.96
5.41232e-13,2.961
5.41426e-13,2.962
5.41615e-13,2.963
5.41807e-13,2.964
5.42e-13,2.965
5.4219e-13,2.966
5.42379e-13,2.967
5.42566e-13,2.968
5.42754e-13,2.969
5.42941e-13,2.97
5.43131e-13,2.971
5.43319e-13,2.972
5.4351e-13,2.973
5.43698e-13,2.974
5.43888e-13,2.975
5.44076e-13,2.976
5.44264e-13,2.977
5.44452e-13,2.978
5.44637e-13,2.979
5.4482e-13,2.98
5.45004e-13,2.981
5.45189e-13,2.982
5.45376e-13,2.983
5.45561e-13,2.984
5.45745e-13,2.985
5.4593e-13,2.986
5.46116e-13,2.987
5.46303e-13,2.988
5.46489e-13,2.989
5.46672e-13,2.99
5.46853e-13,2.991
5.47035e-13,2.992
5.47216e-13,2.993
5.474e-13,2.994
5.47581e-13,2.995
5.47766e-13,2.996
5.47949e-13,2.997
5.48132e-13,2.998
5.48317e-13,2.999
5.485e-13,3
5.48681e-13,3.001
5.4886e-13,3.002
5.4904e-13,3.003
5.4922e-13,3.004
5.49403e-13,3.005
5.49587e-13,3.006
5.49777e-13,3.007
5.4997e-13,3.008
5.50164e-13,3.009
5.50355e-13,3.01
5.50545e-13,3.011
5.50734e-13,3.012
5.50921e-13,3.013
5.51107e-13,3.014
5.51291e-13,3.015
5.51476e-13,3.016
5.51662e-13,3.017
5.51848e-13,3.018
5.52037e-13,3.019
5.52228e-13,3.02
5.52417e-13,3.021
5.52609e-13,3.022
5.52804e-13,3.023
5.53001e-13,3.024
5.53201e-13,3.025
5.534e-13,3.026
5.536e-13,3.027
5.53801e-13,3.028
5.54001e-13,3.029
5.54202e-13,3.03
5.54404e-13,3.031
5.54608e-13,3.032
5.54813e-13,3.033
5.55021e-13,3.034
5.55232e-13,3.035
5.55443e-13,3.036
5.55655e-13,3.037
5.55865e-13,3.038
5.56073e-13,3.039
5.56277e-13,3.04
5.56478e-13,3.041
5.56677e-13,3.042
5.56876e-13,3.043
5.57071e-13,3.044
5.57266e-13,3.045
5.57461e-13,3.046
5.57653e-13,3.047
5.57847e-13,3.048
5.58039e-13,3.049
5.58231e-13,3.05
5.58427e-13,3.051
5.58618e-13,3.052
5.58811e-13,3.053
5.59002e-13,3.054
5.59191e-13,3.055
5.59381e-13,3.056
5.5957e-13,3.057
5.59758e-13,3.058
5.5995e-13,3.059
5.60143e-13,3.06
5.60339e-13,3.061
5.60535e-13,3.062
5.60728e-13,3.063
5.60924e-13,3.064
5.61119e-13,3.065
5.61315e-13,3.066
5.61512e-13,3.067
5.61705e-13,3.068
5.61897e-13,3.069
5.62085e-13,3.07
5.62275e-13,3.071
5.62466e-13,3.072
5.62659e-13,3.073
5.62854e-13,3.074
5.63046e-13,3.075
5.63237e-13,3.076
5.63425e-13,3.077
5.63612e-13,3.078
5.63796e-13,3.079
5.63975e-13,3.08
5.64153e-13,3.081
5.64333e-13,3.082
5.64514e-13,3.083
5.64693e-13,3.084
5.64876e-13,3.085
5.65058e-13,3.086
5.6524e-13,3.087
5.65424e-13,3.088
5.65607e-13,3.089
5.65791e-13,3.09
5.65977e-13,3.091
5.66162e-13,3.092
5.66347e-13,3.093
5.66532e-13,3.094
5.66719e-13,3.095
5.66906e-13,3.096
5.67091e-13,3.097
5.67275e-13,3.098
5.67458e-13,3.099
5.67639e-13,3.1
5.67821e-13,3.101
5.68006e-13,3.102
5.68189e-13,3.103
5.68375e-13,3.104
5.6856e-13,3.105
5.68743e-13,3.106
5.68921e-13,3.107
5.69101e-13,3.108
5.6928e-13,3.109
5.69459e-13,3.11
5.69639e-13,3.111
5.69818e-13,3.112
5.69999e-13,3.113
5.7018e-13,3.114
5.70365e-13,3.115
5.70545e-13,3.116
5.70725e-13,3.117
5.70905e-13,3.118
5.71083e-13,3.119
5.71261e-13,3.12
5.71438e-13,3.121
5.71615e-13,3.122
5.7179e-13,3.123
5.71968e-13,3.124
5.72146e-13,3.125
5.72325e-13,3.126
5.72504e-13,3.127
5.72683e-13,3.128
5.72868e-13,3.129
5.7305e-13,3.13
5.73232e-13,3.131
5.73409e-13,3.132
5.73585e-13,3.133
5.73762e-13,3.134
5.73935e-13,3.135
5.74111e-13,3.136
5.74286e-13,3.137
5.74459e-13,3.138
5.74631e-13,3.139
5.748e-13,3.14
5.74969e-13,3.141
5.75138e-13,3.142
5.75304e-13,3.143
5.75469e-13,3.144
5.75637e-13,3.145
5.75807e-13,3.146
5.75975e-13,3.147
5.76145e-13,3.148
5.76312e-13,3.149
5.76483e-13,3.15
5.76659e-13,3.151
5.76838e-13,3.152
5.77014e-13,3.153
5.77189e-13,3.154
5.77366e-13,3.155
5.77538e-13,3.156
5.7771e-13,3.157
5.77881e-13,3.158
5.78051e-13,3.159
5.78223e-13,3.16
5.78397e-13,3.161
5.78572e-13,3.162
5.78747e-13,3.163
5.78922e-13,3.164
5.79098e-13,3.165
5.79276e-13,3.166
5.79456e-13,3.167
5.79639e-13,3.168
5.79821e-13,3.169
5.80005e-13,3.17
5.8019e-13,3.171
5.80375e-13,3.172
5.8056e-13,3.173
5.80745e-13,3.174
5.8093e-13,3.175
5.81115e-13,3.176
5.81297e-13,3.177
5.8148e-13,3.178
5.81658e-13,3.179
5.81839e-13,3.18
5.82019e-13,3.181
5.82196e-13,3.182
5.82373e-13,3.183
5.82547e-13,3.184
5.8272e-13,3.185
5.82895e-13,3.186
5.83068e-13,3.187
5.83243e-13,3.188
5.83421e-13,3.189
5.83596e-13,3.19
5.8377e-13,3.191
5.83945e-13,3.192
5.84121e-13,3.193
5.843e-13,3.194
5.84479e-13,3.195
5.84659e-13,3.196
5.84839e-13,3.197
5.8502e-13,3.198
5.85202e-13,3.199
5.85386e-13,3.2
5.85571e-13,3.201
5.85756e-13,3.202
5.85943e-13,3.203
5.86134e-13,3.204
5.86325e-13,3.205
5.86511e-13,3.206
5.86696e-13,3.207
5.86879e-13,3.208
5.87063e-13,3.209
5.87246e-13,3.21
5.87427e-13,3.211
5.87611e-13,3.212
5.87796e-13,3.213
5.87981e-13,3.214
5.8817e-13,3.215
5.88359e-13,3.216
5.88546e-13,3.217
5.88733e-13,3.218
5.88918e-13,3.219
5.89105e-13,3.22
5.89297e-13,3.221
5.89487e-13,3.222
5.89676e-13,3.223
5.89859e-13,3.224
5.90045e-13,3.225
5.9023e-13,3.226
5.90414e-13,3.227
5.90599e-13,3.228
5.90784e-13,3.229
5.9097e-13,3.23
5.91159e-13,3.231
5.91348e-13,3.232
5.91534e-13,3.233
5.9172e-13,3.234
5.91903e-13,3.235
5.92082e-13,3.236
5.92265e-13,3.237
5.92448e-13,3.238
5.92632e-13,3.239
5.92817e-13,3.24
5.93e-13,3.241
5.93182e-13,3.242
5.93367e-13,3.243
5.93553e-13,3.244
5.93739e-13,3.245
5.93927e-13,3.246
5.94112e-13,3.247
5.94298e-13,3.248
5.94486e-13,3.249
5.94673e-13,3.25
5.94861e-13,3.251
5.95048e-13,3.252
5.95236e-13,3.253
5.95423e-13,3.254
5.95611e-13,3.255
5.958e-13,3.256
5.95989e-13,3.257
5.96179e-13,3.258
5.96372e-13,3.259
5.96567e-13,3.26
5.96763e-13,3.261
5.96965e-13,3.262
5.97163e-13,3.263
5.97361e-13,3.264
5.9756e-13,3.265
5.9776e-13,3.266
5.97961e-13,3.267
5.98163e-13,3.268
5.98365e-13,3.269
5.98566e-13,3.27
5.98769e-13,3.271
5.98971e-13,3.272
5.99174e-13,3.273
5.99376e-13,3.274
5.99579e-13,3.275
5.99781e-13,3.276
5.99985e-13,3.277
6.00187e-13,3.278
6.00391e-13,3.279
6.00594e-13,3.28
6.00796e-13,3.281
6.00998e-13,3.282
6.01195e-13,3.283
6.0139e-13,3.284
6.01584e-13,3.285
6.01779e-13,3.286
6.01971e-13,3.287
6.02161e-13,3.288
6.02354e-13,3.289
6.02545e-13,3.29
6.02735e-13,3.291
6.02923e-13,3.292
6.0311e-13,3.293
6.03296e-13,3.294
6.03482e-13,3.295
6.03671e-13,3.296
6.03862e-13,3.297
6.04053e-13,3.298
6.04241e-13,3.299
6.04432e-13,3.3
6.04623e-13,3.301
6.04814e-13,3.302
6.05004e-13,3.303
6.05195e-13,3.304
6.05387e-13,3.305
6.05581e-13,3.306
6.05775e-13,3.307
6.05969e-13,3.308
6.06159e-13,3.309
6.0635e-13,3.31
6.06543e-13,3.311
6.06734e-13,3.312
6.06928e-13,3.313
6.07124e-13,3.314
6.07319e-13,3.315
6.07517e-13,3.316
6.07716e-13,3.317
6.07916e-13,3.318
6.08117e-13,3.319
6.08318e-13,3.32
6.08519e-13,3.321
6.08723e-13,3.322
6.08928e-13,3.323
6.09134e-13,3.324
6.09339e-13,3.325
6.09544e-13,3.326
6.09749e-13,3.327
6.09953e-13,3.328
6.10157e-13,3.329
6.10363e-13,3.33
6.1057e-13,3.331
6.10777e-13,3.332
6.10984e-13,3.333
6.11192e-13,3.334
6.114e-13,3.335
6.11607e-13,3.336
6.11817e-13,3.337
6.12022e-13,3.338
6.12226e-13,3.339
6.12431e-13,3.34
6.12636e-13,3.341
6.12838e-13,3.342
6.1304e-13,3.343
6.13242e-13,3.344
6.13443e-13,3.345
6.13641e-13,3.346
6.13833e-13,3.347
6.14026e-13,3.348
6.14222e-13,3.349
6.14416e-13,3.35
6.1461e-13,3.351
6.14801e-13,3.352
6.14995e-13,3.353
6.1519e-13,3.354
6.15386e-13,3.355
6.1558e-13,3.356
6.15777e-13,3.357
6.15971e-13,3.358
6.16166e-13,3.359
6.1636e-13,3.36
6.16554e-13,3.361
6.16747e-13,3.362
6.16938e-13,3.363
6.17125e-13,3.364
6.17312e-13,3.365
6.17499e-13,3.366
6.17685e-13,3.367
6.17871e-13,3.368
6.18058e-13,3.369
6.18247e-13,3.37
6.18438e-13,3.371
6.18629e-13,3.372
6.18819e-13,3.373
6.1901e-13,3.374
6.19203e-13,3.375
6.19399e-13,3.376
6.19598e-13,3.377
6.19794e-13,3.378
6.19988e-13,3.379
6.2018e-13,3.38
6.20374e-13,3.381
6.20567e-13,3.382
6.20759e-13,3.383
6.20949e-13,3.384
6.21139e-13,3.385
6.21328e-13,3.386
6.21519e-13,3.387
6.2171e-13,3.388
6.21905e-13,3.389
6.221e-13,3.39
6.22296e-13,3.391
6.22494e-13,3.392
6.22688e-13,3.393
6.22882e-13,3.394
6.23076e-13,3.395
6.23269e-13,3.396
6.23461e-13,3.397
6.23653e-13,3.398
6.23845e-13,3.399
6.24038e-13,3.4
6.24232e-13,3.401
6.24424e-13,3.402
6.24613e-13,3.403
6.24801e-13,3.404
6.24993e-13,3.405
6.25182e-13,3.406
6.25374e-13,3.407
6.25566e-13,3.408
6.25753e-13,3.409
6.2594e-13,3.41
6.26127e-13,3.411
6.26311e-13,3.412
6.26499e-13,3.413
6.26686e-13,3.414
6.26869e-13,3.415
6.27053e-13,3.416
6.27239e-13,3.417
6.27427e-13,3.418
6.27616e-13,3.419
6.27804e-13,3.42
6.27995e-13,3.421
6.28183e-13,3.422
6.2837e-13,3.423
6.28557e-13,3.424
6.28745e-13,3.425
6.28936e-13,3.426
6.29126e-13,3.427
6.29316e-13,3.428
6.29505e-13,3.429
6.29695e-13,3.43
6.29885e-13,3.431
6.30073e-13,3.432
6.30263e-13,3.433
6.30458e-13,3.434
6.3065e-13,3.435
6.30844e-13,3.436
6.31039e-13,3.437
6.31235e-13,3.438
6.3143e-13,3.439
6.31624e-13,3.44
6.31817e-13,3.441
6.32008e-13,3.442
6.32198e-13,3.443
6.32387e-13,3.444
6.32577e-13,3.445
6.32767e-13,3.446
6.32957e-13,3.447
6.33145e-13,3.448
6.3333e-13,3.449
6.33513e-13,3.45
6.33694e-13,3.451
6.33876e-13,3.452
6.34059e-13,3.453
6.34241e-13,3.454
6.34424e-13,3.455
6.34607e-13,3.456
6.34792e-13,3.457
6.34979e-13,3.458
6.35163e-13,3.459
6.35348e-13,3.46
6.3554e-13,3.461
6.35731e-13,3.462
6.35923e-13,3.463
6.36117e-13,3.464
6.36309e-13,3.465
6.36501e-13,3.466
6.36693e-13,3.467
6.36886e-13,3.468
6.37083e-13,3.469
6.37278e-13,3.47
6.37471e-13,3.471
6.37665e-13,3.472
6.37859e-13,3.473
6.38049e-13,3.474
6.38239e-13,3.475
6.3843e-13,3.476
6.38621e-13,3.477
6.38816e-13,3.478
6.39013e-13,3.479
6.39208e-13,3.48
6.39404e-13,3.481
6.39602e-13,3.482
6.39799e-13,3.483
6.39995e-13,3.484
6.40194e-13,3.485
6.40393e-13,3.486
6.40593e-13,3.487
6.40792e-13,3.488
6.40991e-13,3.489
6.4119e-13,3.49
6.41388e-13,3.491
6.41585e-13,3.492
6.41779e-13,3.493
6.41973e-13,3.494
6.42166e-13,3.495
6.4236e-13,3.496
6.42552e-13,3.497
6.42742e-13,3.498
6.42931e-13,3.499
6.43122e-13,3.5
6.43314e-13,3.501
6.4351e-13,3.502
6.43705e-13,3.503
6.43902e-13,3.504
6.441e-13,3.505
6.44299e-13,3.506
6.44498e-13,3.507
6.44695e-13,3.508
6.44895e-13,3.509
6.45093e-13,3.51
6.4529e-13,3.511
6.45486e-13,3.512
6.45687e-13,3.513
6.45888e-13,3.514
6.46089e-13,3.515
6.46293e-13,3.516
6.46499e-13,3.517
6.46706e-13,3.518
6.46913e-13,3.519
6.4712e-13,3.52
6.47328e-13,3.521
6.4754e-13,3.522
6.47752e-13,3.523
6.47965e-13,3.524
6.48176e-13,3.525
6.48387e-13,3.526
6.48596e-13,3.527
6.48806e-13,3.528
6.49016e-13,3.529
6.49225e-13,3.53
6.49435e-13,3.531
6.49648e-13,3.532
6.49862e-13,3.533
6.50075e-13,3.534
6.50286e-13,3.535
6.50495e-13,3.536
6.50703e-13,3.537
6.5091e-13,3.538
6.51114e-13,3.539
6.51321e-13,3.54
6.51527e-13,3.541
6.51733e-13,3.542
6.51939e-13,3.543
6.52145e-13,3.544
6.52353e-13,3.545
6.52563e-13,3.546
6.52773e-13,3.547
6.5298e-13,3.548
6.53187e-13,3.549
6.53395e-13,3.55
6.53601e-13,3.551
6.53808e-13,3.552
6.54014e-13,3.553
6.54221e-13,3.554
6.54429e-13,3.555
6.54638e-13,3.556
6.54848e-13,3.557
6.55057e-13,3.558
6.55265e-13,3.559
6.55475e-13,3.56
6.55685e-13,3.561
6.55896e-13,3.562
6.56105e-13,3.563
6.5631e-13,3.564
6.56509e-13,3.565
6.56708e-13,3.566
6.56908e-13,3.567
6.57108e-13,3.568
6.57308e-13,3.569
6.57507e-13,3.57
6.57707e-13,3.571
6.57909e-13,3.572
6.58111e-13,3.573
6.58311e-13,3.574
6.58516e-13,3.575
6.58718e-13,3.576
6.5892e-13,3.577
6.59123e-13,3.578
6.59325e-13,3.579
6.59528e-13,3.58
6.59729e-13,3.581
6.59929e-13,3.582
6.60131e-13,3.583
6.6033e-13,3.584
6.6053e-13,3.585
6.60733e-13,3.586
6.60932e-13,3.587
6.61132e-13,3.588
6.61332e-13,3.589
6.61531e-13,3.59
6.61728e-13,3.591
6.61922e-13,3.592
6.62114e-13,3.593
6.62303e-13,3.594
6.62488e-13,3.595
6.62673e-13,3.596
6.6286e-13,3.597
6.63046e-13,3.598
6.63233e-13,3.599
6.6342e-13,3.6
6.63608e-13,3.601
6.63796e-13,3.602
6.63986e-13,3.603
6.64175e-13,3.604
6.64363e-13,3.605
6.6455e-13,3.606
6.64738e-13,3.607
6.64925e-13,3.608
6.65112e-13,3.609
6.653e-13,3.61
6.65486e-13,3.611
6.65674e-13,3.612
6.65863e-13,3.613
6.66048e-13,3.614
6.66235e-13,3.615
6.66419e-13,3.616
6.66598e-13,3.617
6.66774e-13,3.618
6.66947e-13,3.619
6.67118e-13,3.62
6.67292e-13,3.621
6.67469e-13,3.622
6.67645e-13,3.623
6.67822e-13,3.624
6.67999e-13,3.625
6.68177e-13,3.626
6.68351e-13,3.627
6.68525e-13,3.628
6.68697e-13,3.629
6.6887e-13,3.63
6.69044e-13,3.631
6.69219e-13,3.632
6.69393e-13,3.633
6.69568e-13,3.634
6.69745e-13,3.635
6.69924e-13,3.636
6.70098e-13,3.637
6.7027e-13,3.638
6.70441e-13,3.639
6.70616e-13,3.64
6.70792e-13,3.641
6.70967e-13,3.642
6.71142e-13,3.643
6.71319e-13,3.644
6.71494e-13,3.645
6.71665e-13,3.646
6.71836e-13,3.647
6.72005e-13,3.648
6.72176e-13,3.649
6.72349e-13,3.65
6.72522e-13,3.651
6.72695e-13,3.652
6.7287e-13,3.653
6.73044e-13,3.654
6.73216e-13,3.655
6.73391e-13,3.656
6.73567e-13,3.657
6.7374e-13,3.658
6.73914e-13,3.659
6.74086e-13,3.66
6.74257e-13,3.661
6.74429e-13,3.662
6.74604e-13,3.663
6.7478e-13,3.664
6.7496e-13,3.665
6.75143e-13,3.666
6.75322e-13,3.667
6.75499e-13,3.668
6.75675e-13,3.669
6.7585e-13,3.67
6.76029e-13,3.671
6.76206e-13,3.672
6.76384e-13,3.673
6.76564e-13,3.674
6.76743e-13,3.675
6.7692e-13,3.676
6.77096e-13,3.677
6.77269e-13,3.678
6.77441e-13,3.679
6.77609e-13,3.68
6.77783e-13,3.681
6.77956e-13,3.682
6.78127e-13,3.683
6.78299e-13,3.684
6.78473e-13,3.685
6.78644e-13,3.686
6.78815e-13,3.687
6.78982e-13,3.688
6.79152e-13,3.689
6.79319e-13,3.69
6.79485e-13,3.691
6.79653e-13,3.692
6.79819e-13,3.693
6.7999e-13,3.694
6.80163e-13,3.695
6.80334e-13,3.696
6.80506e-13,3.697
6.8068e-13,3.698
6.80853e-13,3.699
6.81028e-13,3.7
6.81204e-13,3.701
6.81381e-13,3.702
6.81561e-13,3.703
6.81739e-13,3.704
6.81921e-13,3.705
6.82103e-13,3.706
6.82288e-13,3.707
6.82475e-13,3.708
6.82661e-13,3.709
6.82843e-13,3.71
6.83028e-13,3.711
6.83212e-13,3.712
6.83395e-13,3.713
6.83576e-13,3.714
6.83757e-13,3.715
6.8394e-13,3.716
6.84123e-13,3.717
6.84304e-13,3.718
6.84487e-13,3.719
6.8467e-13,3.72
6.84852e-13,3.721
6.85035e-13,3.722
6.85218e-13,3.723
6.854e-13,3.724
6.85582e-13,3.725
6.85766e-13,3.726
6.8595e-13,3.727
6.86128e-13,3.728
6.86308e-13,3.729
6.86488e-13,3.73
6.86669e-13,3.731
6.86854e-13,3.732
6.87039e-13,3.733
6.87223e-13,3.734
6.87405e-13,3.735
6.8759e-13,3.736
6.87776e-13,3.737
6.87962e-13,3.738
6.88147e-13,3.739
6.88333e-13,3.74
6.88519e-13,3.741
6.88706e-13,3.742
6.88891e-13,3.743
6.89077e-13,3.744
6.89267e-13,3.745
6.89459e-13,3.746
6.89652e-13,3.747
6.89844e-13,3.748
6.90034e-13,3.749
6.90216e-13,3.75
6.90397e-13,3.751
6.9058e-13,3.752
6.90761e-13,3.753
6.90942e-13,3.754
6.91121e-13,3.755
6.91301e-13,3.756
6.91481e-13,3.757
6.91665e-13,3.758
6.91853e-13,3.759
6.92043e-13,3.76
6.92232e-13,3.761
6.92424e-13,3.762
6.92617e-13,3.763
6.92807e-13,3.764
6.92997e-13,3.765
6.93184e-13,3.766
6.9337e-13,3.767
6.93554e-13,3.768
6.93741e-13,3.769
6.93929e-13,3.77
6.94116e-13,3.771
6.94301e-13,3.772
6.94483e-13,3.773
6.94662e-13,3.774
6.9484e-13,3.775
6.95019e-13,3.776
6.95197e-13,3.777
6.95374e-13,3.778
6.95554e-13,3.779
6.95736e-13,3.78
6.95919e-13,3.781
6.96098e-13,3.782
6.96277e-13,3.783
6.96453e-13,3.784
6.96627e-13,3.785
6.96805e-13,3.786
6.96985e-13,3.787
6.97163e-13,3.788
6.97337e-13,3.789
6.97518e-13,3.79
6.97697e-13,3.791
6.97876e-13,3.792
6.98052e-13,3.793
6.98233e-13,3.794
6.98415e-13,3.795
6.98595e-13,3.796
6.98777e-13,3.797
6.98957e-13,3.798
6.99138e-13,3.799
6.99315e-13,3.8
6.99494e-13,3.801
6.99676e-13,3.802
6.99858e-13,3.803
7.0004e-13,3.804
7.00223e-13,3.805
7.00407e-13,3.806
7.00591e-13,3.807
7.00774e-13,3.808
7.00957e-13,3.809
7.0114e-13,3.81
7.01324e-13,3.811
7.01506e-13,3.812
7.01687e-13,3.813
7.01868e-13,3.814
7.02051e-13,3.815
7.02237e-13,3.816
7.02424e-13,3.817
7.02611e-13,3.818
7.02802e-13,3.819
7.02995e-13,3.82
7.03187e-13,3.821
7.03377e-13,3.822
7.03566e-13,3.823
7.03757e-13,3.824
7.0395e-13,3.825
7.0414e-13,3.826
7.0433e-13,3.827
7.0452e-13,3.828
7.04707e-13,3.829
7.04896e-13,3.83
7.05083e-13,3.831
7.05267e-13,3.832
7.05448e-13,3.833
7.05628e-13,3.834
7.05811e-13,3.835
7.05994e-13,3.836
7.06174e-13,3.837
7.06354e-13,3.838
7.06534e-13,3.839
7.06713e-13,3.84
7.06892e-13,3.841
7.07076e-13,3.842
7.07257e-13,3.843
7.07436e-13,3.844
7.07614e-13,3.845
7.07795e-13,3.846
7.0798e-13,3.847
7.08166e-13,3.848
7.0835e-13,3.849
7.08532e-13,3.85
7.08715e-13,3.851
7.08897e-13,3.852
7.0908e-13,3.853
7.09266e-13,3.854
7.09445e-13,3.855
7.09628e-13,3.856
7.0981e-13,3.857
7.09991e-13,3.858
7.10175e-13,3.859
7.10358e-13,3.86
7.10539e-13,3.861
7.10715e-13,3.862
7.10892e-13,3.863
7.11066e-13,3.864
7.1124e-13,3.865
7.11414e-13,3.866
7.11588e-13,3.867
7.11764e-13,3.868
7.11939e-13,3.869
7.12116e-13,3.87
7.12289e-13,3.871
7.12462e-13,3.872
7.12633e-13,3.873
7.12806e-13,3.874
7.12979e-13,3.875
7.1315e-13,3.876
7.13324e-13,3.877
7.13501e-13,3.878
7.13676e-13,3.879
7.13852e-13,3.88
7.14031e-13,3.881
7.1421e-13,3.882
7.14392e-13,3.883
7.14571e-13,3.884
7.1475e-13,3.885
7.14931e-13,3.886
7.15111e-13,3.887
7.15289e-13,3.888
7.15467e-13,3.889
7.15645e-13,3.89
7.15826e-13,3.891
7.16009e-13,3.892
7.16189e-13,3.893
7.16371e-13,3.894
7.16555e-13,3.895
7.16735e-13,3.896
7.16914e-13,3.897
7.17092e-13,3.898
7.1727e-13,3.899
7.17448e-13,3.9
7.17625e-13,3.901
7.17805e-13,3.902
7.17984e-13,3.903
7.18162e-13,3.904
7.18336e-13,3.905
7.18512e-13,3.906
7.18691e-13,3.907
7.18872e-13,3.908
7.19052e-13,3.909
7.19232e-13,3.91
7.19411e-13,3.911
7.19592e-13,3.912
7.19773e-13,3.913
7.19953e-13,3.914
7.20132e-13,3.915
7.20309e-13,3.916
7.20485e-13,3.917
7.20661e-13,3.918
7.20837e-13,3.919
7.21013e-13,3.92
7.21185e-13,3.921
7.21357e-13,3.922
7.21533e-13,3.923
7.2171e-13,3.924
7.21889e-13,3.925
7.22065e-13,3.926
7.22238e-13,3.927
7.22413e-13,3.928
7.22588e-13,3.929
7.22759e-13,3.93
7.22931e-13,3.931
7.23103e-13,3.932
7.2328e-13,3.933
7.23459e-13,3.934
7.23641e-13,3.935
7.23823e-13,3.936
7.24006e-13,3.937
7.2419e-13,3.938
7.24377e-13,3.939
7.24564e-13,3.94
7.24751e-13,3.941
7.24931e-13,3.942
7.25115e-13,3.943
7.25301e-13,3.944
7.25491e-13,3.945
7.25681e-13,3.946
7.25869e-13,3.947
7.26059e-13,3.948
7.26244e-13,3.949
7.26426e-13,3.95
7.26606e-13,3.951
7.26786e-13,3.952
7.26968e-13,3.953
7.27148e-13,3.954
7.27327e-13,3.955
7.27504e-13,3.956
7.2768e-13,3.957
7.27855e-13,3.958
7.28032e-13,3.959
7.2821e-13,3.96
7.28389e-13,3.961
7.28568e-13,3.962
7.28745e-13,3.963
7.28925e-13,3.964
7.29103e-13,3.965
7.2928e-13,3.966
7.29456e-13,3.967
7.29631e-13,3.968
7.29805e-13,3.969
7.29981e-13,3.97
7.30162e-13,3.971
7.30343e-13,3.972
7.30525e-13,3.973
7.30704e-13,3.974
7.30885e-13,3.975
7.31065e-13,3.976
7.31248e-13,3.977
7.31429e-13,3.978
7.31612e-13,3.979
7.31794e-13,3.98
7.31973e-13,3.981
7.32149e-13,3.982
7.32324e-13,3.983
7.32496e-13,3.984
7.32669e-13,3.985
7.32841e-13,3.986
7.33011e-13,3.987
7.33181e-13,3.988
7.33349e-13,3.989
7.33512e-13,3.99
7.33674e-13,3.991
7.33834e-13,3.992
7.33988e-13,3.993
7.34146e-13,3.994
7.34303e-13,3.995
7.34462e-13,3.996
7.34617e-13,3.997
7.34769e-13,3.998
7.3492e-13,3.999
7.35071e-13,4
7.35222e-13,4.001
7.35373e-13,4.002
7.35522e-13,4.003
7.35672e-13,4.004
7.35825e-13,4.005
7.35978e-13,4.006
7.36133e-13,4.007
7.36293e-13,4.008
7.36459e-13,4.009
7.36624e-13,4.01
7.36789e-13,4.011
7.36953e-13,4.012
7.37116e-13,4.013
7.3728e-13,4.014
7.37444e-13,4.015
7.3761e-13,4.016
7.37775e-13,4.017
7.37946e-13,4.018
7.38119e-13,4.019
7.38295e-13,4.02
7.3847e-13,4.021
7.38647e-13,4.022
7.3882e-13,4.023
7.38991e-13,4.024
7.39167e-13,4.025
7.39341e-13,4.026
7.39516e-13,4.027
7.3969e-13,4.028
7.39867e-13,4.029
7.40043e-13,4.03
7.40216e-13,4.031
7.40391e-13,4.032
7.40566e-13,4.033
7.40739e-13,4.034
7.4091e-13,4.035
7.41078e-13,4.036
7.41245e-13,4.037
7.41411e-13,4.038
7.41572e-13,4.039
7.41735e-13,4.04
7.41898e-13,4.041
7.42063e-13,4.042
7.42226e-13,4.043
7.4239e-13,4.044
7.42556e-13,4.045
7.42723e-13,4.046
7.42889e-13,4.047
7.43057e-13,4.048
7.43223e-13,4.049
7.43386e-13,4.05
7.43547e-13,4.051
7.43711e-13,4.052
7.43876e-13,4.053
7.44043e-13,4.054
7.44211e-13,4.055
7.44378e-13,4.056
7.44545e-13,4.057
7.44712e-13,4.058
7.4488e-13,4.059
7.45044e-13,4.06
7.45205e-13,4.061
7.45369e-13,4.062
7.45527e-13,4.063
7.45686e-13,4.064
7.45845e-13,4.065
7.46002e-13,4.066
7.46158e-13,4.067
7.46312e-13,4.068
7.46467e-13,4.069
7.46623e-13,4.07
7.46776e-13,4.071
7.46931e-13,4.072
7.47087e-13,4.073
7.47246e-13,4.074
7.47407e-13,4.075
7.47568e-13,4.076
7.47724e-13,4.077
7.47882e-13,4.078
7.4804e-13,4.079
7.48193e-13,4.08
7.4835e-13,4.081
7.48506e-13,4.082
7.4866e-13,4.083
7.48815e-13,4.084
7.48972e-13,4.085
7.49131e-13,4.086
7.4929e-13,4.087
7.49452e-13,4.088
7.49618e-13,4.089
7.49784e-13,4.09
7.49948e-13,4.091
7.50113e-13,4.092
7.50279e-13,4.093
7.50447e-13,4.094
7.50614e-13,4.095
7.50785e-13,4.096
7.50956e-13,4.097
7.51129e-13,4.098
7.51303e-13,4.099
7.51478e-13,4.1
7.51653e-13,4.101
7.51828e-13,4.102
7.52e-13,4.103
7.52169e-13,4.104
7.52341e-13,4.105
7.52513e-13,4.106
7.52684e-13,4.107
7.52856e-13,4.108
7.53026e-13,4.109
7.53195e-13,4.11
7.53366e-13,4.111
7.53533e-13,4.112
7.53699e-13,4.113
7.53865e-13,4.114
7.54033e-13,4.115
7.542e-13,4.116
7.54371e-13,4.117
7.54541e-13,4.118
7.54712e-13,4.119
7.54881e-13,4.12
7.55049e-13,4.121
7.55217e-13,4.122
7.55381e-13,4.123
7.55549e-13,4.124
7.55718e-13,4.125
7.55889e-13,4.126
7.56063e-13,4.127
7.56239e-13,4.128
7.56418e-13,4.129
7.56595e-13,4.13
7.56774e-13,4.131
7.56953e-13,4.132
7.57131e-13,4.133
7.57311e-13,4.134
7.57492e-13,4.135
7.57672e-13,4.136
7.57848e-13,4.137
7.58023e-13,4.138
7.582e-13,4.139
7.58374e-13,4.14
7.5855e-13,4.141
7.58728e-13,4.142
7.58905e-13,4.143
7.59083e-13,4.144
7.5926e-13,4.145
7.59436e-13,4.146
7.59612e-13,4.147
7.59788e-13,4.148
7.59967e-13,4.149
7.60151e-13,4.15
7.60333e-13,4.151
7.60516e-13,4.152
7.60694e-13,4.153
7.60871e-13,4.154
7.61047e-13,4.155
7.61226e-13,4.156
7.6141e-13,4.157
7.61596e-13,4.158
7.61783e-13,4.159
7.61971e-13,4.16
7.62159e-13,4.161
7.62343e-13,4.162
7.62526e-13,4.163
7.62709e-13,4.164
7.62891e-13,4.165
7.63073e-13,4.166
7.63253e-13,4.167
7.6343e-13,4.168
7.63606e-13,4.169
7.63786e-13,4.17
7.63966e-13,4.171
7.64142e-13,4.172
7.64316e-13,4.173
7.6449e-13,4.174
7.64665e-13,4.175
7.64842e-13,4.176
7.65022e-13,4.177
7.65204e-13,4.178
7.65387e-13,4.179
7.65571e-13,4.18
7.65751e-13,4.181
7.65936e-13,4.182
7.66117e-13,4.183
7.66298e-13,4.184
7.6648e-13,4.185
7.66661e-13,4.186
7.66843e-13,4.187
7.67022e-13,4.188
7.67205e-13,4.189
7.67389e-13,4.19
7.67573e-13,4.191
7.67755e-13,4.192
7.67934e-13,4.193
7.68111e-13,4.194
7.6829e-13,4.195
7.68474e-13,4.196
7.68659e-13,4.197
7.68843e-13,4.198
7.6903e-13,4.199
7.69218e-13,4.2
7.69405e-13,4.201
7.69593e-13,4.202
7.69777e-13,4.203
7.69962e-13,4.204
7.70147e-13,4.205
7.7033e-13,4.206
7.70509e-13,4.207
7.70689e-13,4.208
7.70871e-13,4.209
7.71053e-13,4.21
7.71239e-13,4.211
7.71426e-13,4.212
7.71616e-13,4.213
7.71805e-13,4.214
7.71989e-13,4.215
7.72173e-13,4.216
7.72356e-13,4.217
7.72544e-13,4.218
7.72733e-13,4.219
7.72926e-13,4.22
7.73119e-13,4.221
7.73308e-13,4.222
7.73497e-13,4.223
7.73685e-13,4.224
7.73872e-13,4.225
7.74063e-13,4.226
7.74254e-13,4.227
7.74444e-13,4.228
7.74637e-13,4.229
7.7483e-13,4.23
7.75027e-13,4.231
7.75223e-13,4.232
7.75422e-13,4.233
7.75621e-13,4.234
7.75814e-13,4.235
7.7601e-13,4.236
7.76207e-13,4.237
7.76403e-13,4.238
7.76598e-13,4.239
7.76793e-13,4.24
7.76988e-13,4.241
7.7718e-13,4.242
7.77369e-13,4.243
7.77555e-13,4.244
7.77738e-13,4.245
7.77923e-13,4.246
7.7811e-13,4.247
7.78293e-13,4.248
7.78481e-13,4.249
7.78666e-13,4.25
7.78852e-13,4.251
7.79039e-13,4.252
7.79225e-13,4.253
7.79409e-13,4.254
7.79594e-13,4.255
7.79777e-13,4.256
7.7996e-13,4.257
7.80143e-13,4.258
7.80326e-13,4.259
7.80509e-13,4.26
7.8069e-13,4.261
7.80874e-13,4.262
7.81058e-13,4.263
7.81239e-13,4.264
7.81421e-13,4.265
7.81603e-13,4.266
7.81779e-13,4.267
7.81958e-13,4.268
7.82137e-13,4.269
7.82317e-13,4.27
7.82497e-13,4.271
7.82679e-13,4.272
7.8286e-13,4.273
7.83043e-13,4.274
7.83225e-13,4.275
7.83409e-13,4.276
7.83595e-13,4.277
7.83779e-13,4.278
7.83963e-13,4.279
7.84149e-13,4.28
7.84334e-13,4.281
7.84518e-13,4.282
7.84705e-13,4.283
7.84891e-13,4.284
7.85077e-13,4.285
7.85263e-13,4.286
7.85448e-13,4.287
7.85636e-13,4.288
7.85821e-13,4.289
7.86002e-13,4.29
7.86184e-13,4.291
7.86364e-13,4.292
7.86544e-13,4.293
7.86725e-13,4.294
7.86905e-13,4.295
7.87086e-13,4.296
7.87268e-13,4.297
7.87449e-13,4.298
7.87632e-13,4.299
7.87811e-13,4.3
7.87988e-13,4.301
7.88166e-13,4.302
7.88346e-13,4.303
7.88528e-13,4.304
7.8871e-13,4.305
7.88894e-13,4.306
7.89073e-13,4.307
7.89254e-13,4.308
7.89435e-13,4.309
7.89614e-13,4.31
7.8979e-13,4.311
7.89967e-13,4.312
7.90144e-13,4.313
7.90319e-13,4.314
7.90496e-13,4.315
7.90672e-13,4.316
7.90847e-13,4.317
7.91021e-13,4.318
7.91197e-13,4.319
7.91379e-13,4.32
7.91565e-13,4.321
7.91748e-13,4.322
7.9193e-13,4.323
7.92108e-13,4.324
7.92287e-13,4.325
7.9247e-13,4.326
7.92654e-13,4.327
7.9284e-13,4.328
7.93025e-13,4.329
7.93212e-13,4.33
7.93397e-13,4.331
7.9358e-13,4.332
7.93766e-13,4.333
7.93953e-13,4.334
7.94137e-13,4.335
7.94319e-13,4.336
7.94501e-13,4.337
7.94685e-13,4.338
7.9487e-13,4.339
7.95055e-13,4.34
7.95239e-13,4.341
7.95423e-13,4.342
7.9561e-13,4.343
7.95796e-13,4.344
7.95985e-13,4.345
7.96171e-13,4.346
7.9636e-13,4.347
7.96549e-13,4.348
7.96741e-13,4.349
7.96929e-13,4.35
7.97117e-13,4.351
7.97307e-13,4.352
7.9749e-13,4.353
7.97678e-13,4.354
7.97863e-13,4.355
7.9805e-13,4.356
7.98234e-13,4.357
7.98419e-13,4.358
7.986e-13,4.359
7.9878e-13,4.36
7.98961e-13,4.361
7.99143e-13,4.362
7.99326e-13,4.363
7.99512e-13,4.364
7.99695e-13,4.365
7.99877e-13,4.366
8.00057e-13,4.367
8.00241e-13,4.368
8.00427e-13,4.369
8.00614e-13,4.37
8.008e-13,4.371
8.00986e-13,4.372
8.01172e-13,4.373
8.01356e-13,4.374
8.01541e-13,4.375
8.01727e-13,4.376
8.01914e-13,4.377
8.02101e-13,4.378
8.02288e-13,4.379
8.02476e-13,4.38
8.02667e-13,4.381
8.02856e-13,4.382
8.03045e-13,4.383
8.03235e-13,4.384
8.03428e-13,4.385
8.0362e-13,4.386
8.03817e-13,4.387
8.04012e-13,4.388
8.04207e-13,4.389
8.04403e-13,4.39
8.04602e-13,4.391
8.04801e-13,4.392
8.04999e-13,4.393
8.05196e-13,4.394
8.05392e-13,4.395
8.05587e-13,4.396
8.05784e-13,4.397
8.05979e-13,4.398
8.0617e-13,4.399
8.0636e-13,4.4
8.06548e-13,4.401
8.06737e-13,4.402
8.06925e-13,4.403
8.07111e-13,4.404
8.07303e-13,4.405
8.07496e-13,4.406
8.07686e-13,4.407
8.07874e-13,4.408
8.08063e-13,4.409
8.08255e-13,4.41
8.08446e-13,4.411
8.08636e-13,4.412
8.08824e-13,4.413
8.09016e-13,4.414
8.09209e-13,4.415
8.09405e-13,4.416
8.09598e-13,4.417
8.09791e-13,4.418
8.09981e-13,4.419
8.10169e-13,4.42
8.10359e-13,4.421
8.10548e-13,4.422
8.1074e-13,4.423
8.10933e-13,4.424
8.11126e-13,4.425
8.1132e-13,4.426
8.11514e-13,4.427
8.11709e-13,4.428
8.11901e-13,4.429
8.12096e-13,4.43
8.12293e-13,4.431
8.12494e-13,4.432
8.12691e-13,4.433
8.12892e-13,4.434
8.13091e-13,4.435
8.13288e-13,4.436
8.13489e-13,4.437
8.13689e-13,4.438
8.13889e-13,4.439
8.14089e-13,4.44
8.14291e-13,4.441
8.14493e-13,4.442
8.14694e-13,4.443
8.14893e-13,4.444
8.15092e-13,4.445
8.15287e-13,4.446
8.15481e-13,4.447
8.15675e-13,4.448
8.15872e-13,4.449
8.16068e-13,4.45
8.16263e-13,4.451
8.16455e-13,4.452
8.16649e-13,4.453
8.16842e-13,4.454
8.17035e-13,4.455
8.1723e-13,4.456
8.17426e-13,4.457
8.17624e-13,4.458
8.17824e-13,4.459
8.18021e-13,4.46
8.18216e-13,4.461
8.18414e-13,4.462
8.1861e-13,4.463
8.18803e-13,4.464
8.18995e-13,4.465
8.19184e-13,4.466
8.19375e-13,4.467
8.19566e-13,4.468
8.1976e-13,4.469
8.19957e-13,4.47
8.20153e-13,4.471
8.20344e-13,4.472
8.20534e-13,4.473
8.20723e-13,4.474
8.20911e-13,4.475
8.21097e-13,4.476
8.21284e-13,4.477
8.21468e-13,4.478
8.21654e-13,4.479
8.21839e-13,4.48
8.22025e-13,4.481
8.2221e-13,4.482
8.22396e-13,4.483
8.2258e-13,4.484
8.22764e-13,4.485
8.22952e-13,4.486
8.23141e-13,4.487
8.23333e-13,4.488
8.23524e-13,4.489
8.23719e-13,4.49
8.2391e-13,4.491
8.241e-13,4.492
8.24287e-13,4.493
8.24474e-13,4.494
8.24656e-13,4.495
8.24838e-13,4.496
8.25021e-13,4.497
8.25205e-13,4.498
8.25389e-13,4.499
8.25572e-13,4.5
8.25754e-13,4.501
8.25934e-13,4.502
8.26117e-13,4.503
8.26299e-13,4.504
8.26482e-13,4.505
8.26664e-13,4.506
8.26844e-13,4.507
8.27026e-13,4.508
8.27208e-13,4.509
8.27391e-13,4.51
8.27576e-13,4.511
8.27764e-13,4.512
8.27952e-13,4.513
8.28135e-13,4.514
8.28317e-13,4.515
8.28495e-13,4.516
8.28671e-13,4.517
8.28846e-13,4.518
8.29023e-13,4.519
8.29197e-13,4.52
8.29371e-13,4.521
8.29547e-13,4.522
8.29724e-13,4.523
8.29898e-13,4.524
8.30072e-13,4.525
8.30246e-13,4.526
8.3042e-13,4.527
8.30597e-13,4.528
8.30771e-13,4.529
8.30946e-13,4.53
8.3112e-13,4.531
8.31293e-13,4.532
8.31466e-13,4.533
8.31641e-13,4.534
8.31817e-13,4.535
8.31993e-13,4.536
8.3217e-13,4.537
8.32347e-13,4.538
8.32522e-13,4.539
8.32696e-13,4.54
8.32869e-13,4.541
8.33043e-13,4.542
8.33215e-13,4.543
8.33389e-13,4.544
8.33563e-13,4.545
8.33737e-13,4.546
8.33913e-13,4.547
8.34087e-13,4.548
8.34259e-13,4.549
8.34434e-13,4.55
8.34612e-13,4.551
8.34789e-13,4.552
8.34966e-13,4.553
8.35147e-13,4.554
8.35329e-13,4.555
8.35509e-13,4.556
8.35686e-13,4.557
8.35865e-13,4.558
8.36043e-13,4.559
8.36217e-13,4.56
8.36392e-13,4.561
8.36568e-13,4.562
8.36745e-13,4.563
8.36918e-13,4.564
8.3709e-13,4.565
8.37267e-13,4.566
8.37445e-13,4.567
8.37626e-13,4.568
8.37808e-13,4.569
8.37994e-13,4.57
8.3818e-13,4.571
8.38365e-13,4.572
8.38549e-13,4.573
8.38731e-13,4.574
8.38912e-13,4.575
8.39095e-13,4.576
8.39279e-13,4.577
8.39461e-13,4.578
8.39637e-13,4.579
8.39812e-13,4.58
8.39989e-13,4.581
8.40168e-13,4.582
8.40347e-13,4.583
8.40523e-13,4.584
8.40698e-13,4.585
8.40871e-13,4.586
8.41046e-13,4.587
8.41221e-13,4.588
8.414e-13,4.589
8.41583e-13,4.59
8.41764e-13,4.591
8.41946e-13,4.592
8.42129e-13,4.593
8.42312e-13,4.594
8.42488e-13,4.595
8.42663e-13,4.596
8.42837e-13,4.597
8.43013e-13,4.598
8.43188e-13,4.599
8.43364e-13,4.6
8.4354e-13,4.601
8.43718e-13,4.602
8.43896e-13,4.603
8.44075e-13,4.604
8.44252e-13,4.605
8.4443e-13,4.606
8.44609e-13,4.607
8.44785e-13,4.608
8.44959e-13,4.609
8.45135e-13,4.61
8.45312e-13,4.611
8.45491e-13,4.612
8.45673e-13,4.613
8.45855e-13,4.614
8.46037e-13,4.615
8.4622e-13,4.616
8.46403e-13,4.617
8.46583e-13,4.618
8.46761e-13,4.619
8.46937e-13,4.62
8.47113e-13,4.621
8.47292e-13,4.622
8.4747e-13,4.623
8.47652e-13,4.624
8.47835e-13,4.625
8.48018e-13,4.626
8.48199e-13,4.627
8.48378e-13,4.628
8.48554e-13,4.629
8.48728e-13,4.63
8.48904e-13,4.631
8.49082e-13,4.632
8.4926e-13,4.633
8.49437e-13,4.634
8.49618e-13,4.635
8.49803e-13,4.636
8.49987e-13,4.637
8.50173e-13,4.638
8.50356e-13,4.639
8.50541e-13,4.64
8.50726e-13,4.641
8.50912e-13,4.642
8.51097e-13,4.643
8.51282e-13,4.644
8.51465e-13,4.645
8.51646e-13,4.646
8.51826e-13,4.647
8.52009e-13,4.648
8.52193e-13,4.649
8.52378e-13,4.65
8.5256e-13,4.651
8.52742e-13,4.652
8.52928e-13,4.653
8.53113e-13,4.654
8.53297e-13,4.655
8.53482e-13,4.656
8.53667e-13,4.657
8.53856e-13,4.658
8.54046e-13,4.659
8.54233e-13,4.66
8.54419e-13,4.661
8.54604e-13,4.662
8.54787e-13,4.663
8.54967e-13,4.664
8.55151e-13,4.665
8.55333e-13,4.666
8.55518e-13,4.667
8.55708e-13,4.668
8.55899e-13,4.669
8.56086e-13,4.67
8.56275e-13,4.671
8.56461e-13,4.672
8.56651e-13,4.673
8.56833e-13,4.674
8.57016e-13,4.675
8.57199e-13,4.676
8.57383e-13,4.677
8.57567e-13,4.678
8.57752e-13,4.679
8.5793e-13,4.68
8.58111e-13,4.681
8.58291e-13,4.682
8.58472e-13,4.683
8.58651e-13,4.684
8.58833e-13,4.685
8.5901e-13,4.686
8.59188e-13,4.687
8.59369e-13,4.688
8.59545e-13,4.689
8.59722e-13,4.69
8.59899e-13,4.691
8.60078e-13,4.692
8.60256e-13,4.693
8.60434e-13,4.694
8.60612e-13,4.695
8.6079e-13,4.696
8.60967e-13,4.697
8.61142e-13,4.698
8.61316e-13,4.699
8.61491e-13,4.7
8.61666e-13,4.701
8.6184e-13,4.702
8.62016e-13,4.703
8.62191e-13,4.704
8.62368e-13,4.705
8.62547e-13,4.706
8.62726e-13,4.707
8.62909e-13,4.708
8.63092e-13,4.709
8.63276e-13,4.71
8.6346e-13,4.711
8.63644e-13,4.712
8.6383e-13,4.713
8.64017e-13,4.714
8.64201e-13,4.715
8.64388e-13,4.716
8.64571e-13,4.717
8.64757e-13,4.718
8.64941e-13,4.719
8.65125e-13,4.72
8.65309e-13,4.721
8.6549e-13,4.722
8.65669e-13,4.723
8.65845e-13,4.724
8.66019e-13,4.725
8.66193e-13,4.726
8.66367e-13,4.727
8.66543e-13,4.728
8.6672e-13,4.729
8.66897e-13,4.73
8.67075e-13,4.731
8.67252e-13,4.732
8.67429e-13,4.733
8.67603e-13,4.734
8.67775e-13,4.735
8.67946e-13,4.736
8.68126e-13,4.737
8.68309e-13,4.738
8.6849e-13,4.739
8.68671e-13,4.74
8.68852e-13,4.741
8.69036e-13,4.742
8.69218e-13,4.743
8.69403e-13,4.744
8.69586e-13,4.745
8.6977e-13,4.746
8.6996e-13,4.747
8.70148e-13,4.748
8.70336e-13,4.749
8.70521e-13,4.75
8.70706e-13,4.751
8.70889e-13,4.752
8.71071e-13,4.753
8.71258e-13,4.754
8.71446e-13,4.755
8.71632e-13,4.756
8.71818e-13,4.757
8.72001e-13,4.758
8.72187e-13,4.759
8.72374e-13,4.76
8.7256e-13,4.761
8.72743e-13,4.762
8.72931e-13,4.763
8.73121e-13,4.764
8.73311e-13,4.765
8.73499e-13,4.766
8.7369e-13,4.767
8.73877e-13,4.768
8.74067e-13,4.769
8.74261e-13,4.77
8.74455e-13,4.771
8.74648e-13,4.772
8.74838e-13,4.773
8.75033e-13,4.774
8.75226e-13,4.775
8.75418e-13,4.776
8.75613e-13,4.777
8.75806e-13,4.778
8.75996e-13,4.779
8.76188e-13,4.78
8.7638e-13,4.781
8.76567e-13,4.782
8.76753e-13,4.783
8.76939e-13,4.784
8.77121e-13,4.785
8.77305e-13,4.786
8.7749e-13,4.787
8.77678e-13,4.788
8.77865e-13,4.789
8.78051e-13,4.79
8.78239e-13,4.791
8.78426e-13,4.792
8.78613e-13,4.793
8.78804e-13,4.794
8.78995e-13,4.795
8.79187e-13,4.796
8.79377e-13,4.797
8.7957e-13,4.798
8.79765e-13,4.799
8.7996e-13,4.8
8.80154e-13,4.801
8.80347e-13,4.802
8.80533e-13,4.803
8.80722e-13,4.804
8.80909e-13,4.805
8.81099e-13,4.806
8.81289e-13,4.807
8.81482e-13,4.808
8.81671e-13,4.809
8.81864e-13,4.81
8.8206e-13,4.811
8.82256e-13,4.812
8.82454e-13,4.813
8.82647e-13,4.814
8.82844e-13,4.815
8.83043e-13,4.816
8.83239e-13,4.817
8.83438e-13,4.818
8.83635e-13,4.819
8.8383e-13,4.82
8.84022e-13,4.821
8.84211e-13,4.822
8.84396e-13,4.823
8.84583e-13,4.824
8.84771e-13,4.825
8.84961e-13,4.826
8.85147e-13,4.827
8.85331e-13,4.828
8.85512e-13,4.829
8.85697e-13,4.83
8.85883e-13,4.831
8.86068e-13,4.832
8.86252e-13,4.833
8.86436e-13,4.834
8.86628e-13,4.835
8.86815e-13,4.836
8.87005e-13,4.837
8.87193e-13,4.838
8.87379e-13,4.839
8.87567e-13,4.84
8.87758e-13,4.841
8.87947e-13,4.842
8.88134e-13,4.843
8.88321e-13,4.844
8.88508e-13,4.845
8.88696e-13,4.846
8.88883e-13,4.847
8.89068e-13,4.848
8.89255e-13,4.849
8.89444e-13,4.85
8.89633e-13,4.851
8.89825e-13,4.852
8.90016e-13,4.853
8.90206e-13,4.854
8.90394e-13,4.855
8.90581e-13,4.856
8.90769e-13,4.857
8.90956e-13,4.858
8.91148e-13,4.859
8.91335e-13,4.86
8.9153e-13,4.861
8.91723e-13,4.862
8.91917e-13,4.863
8.92105e-13,4.864
8.92292e-13,4.865
8.92479e-13,4.866
8.92668e-13,4.867
8.92855e-13,4.868
8.93041e-13,4.869
8.93226e-13,4.87
8.93409e-13,4.871
8.93591e-13,4.872
8.93772e-13,4.873
8.9395e-13,4.874
8.94125e-13,4.875
8.943e-13,4.876
8.94473e-13,4.877
8.94652e-13,4.878
8.94834e-13,4.879
8.95017e-13,4.88
8.95205e-13,4.881
8.95388e-13,4.882
8.95572e-13,4.883
8.95752e-13,4.884
8.95933e-13,4.885
8.96114e-13,4.886
8.96295e-13,4.887
8.96476e-13,4.888
8.96655e-13,4.889
8.96835e-13,4.89
8.97016e-13,4.891
8.97199e-13,4.892
8.97381e-13,4.893
8.97563e-13,4.894
8.9775e-13,4.895
8.97939e-13,4.896
8.98125e-13,4.897
8.98308e-13,4.898
8.98494e-13,4.899
8.98678e-13,4.9
8.98868e-13,4.901
8.99061e-13,4.902
8.99254e-13,4.903
8.99439e-13,4.904
8.99626e-13,4.905
8.99814e-13,4.906
8.99998e-13,4.907
9.00183e-13,4.908
9.00369e-13,4.909
9.00552e-13,4.91
9.00734e-13,4.911
9.0092e-13,4.912
9.01103e-13,4.913
9.01292e-13,4.914
9.01481e-13,4.915
9.01672e-13,4.916
9.01863e-13,4.917
9.02056e-13,4.918
9.0225e-13,4.919
9.02446e-13,4.92
9.02644e-13,4.921
9.02843e-13,4.922
9.03043e-13,4.923
9.0324e-13,4.924
9.03436e-13,4.925
9.03631e-13,4.926
9.03825e-13,4.927
9.04016e-13,4.928
9.04207e-13,4.929
9.04401e-13,4.93
9.04596e-13,4.931
9.04791e-13,4.932
9.04986e-13,4.933
9.05176e-13,4.934
9.05363e-13,4.935
9.05555e-13,4.936
9.05744e-13,4.937
9.05935e-13,4.938
9.06124e-13,4.939
9.06312e-13,4.94
9.06503e-13,4.941
9.06696e-13,4.942
9.06892e-13,4.943
9.07086e-13,4.944
9.07284e-13,4.945
9.07477e-13,4.946
9.07669e-13,4.947
9.07863e-13,4.948
9.08056e-13,4.949
9.08245e-13,4.95
9.08434e-13,4.951
9.08624e-13,4.952
9.08818e-13,4.953
9.09009e-13,4.954
9.09202e-13,4.955
9.09392e-13,4.956
9.09585e-13,4.957
9.09779e-13,4.958
9.09975e-13,4.959
9.10168e-13,4.96
9.10362e-13,4.961
9.10552e-13,4.962
9.1074e-13,4.963
9.10927e-13,4.964
9.11114e-13,4.965
9.113e-13,4.966
9.11489e-13,4.967
9.11672e-13,4.968
9.11858e-13,4.969
9.1204e-13,4.97
9.1222e-13,4.971
9.12398e-13,4.972
9.12576e-13,4.973
9.12754e-13,4.974
9.12934e-13,4.975
9.13115e-13,4.976
9.13296e-13,4.977
9.13479e-13,4.978
9.13662e-13,4.979
9.13844e-13,4.98
9.14026e-13,4.981
9.14207e-13,4.982
9.14388e-13,4.983
9.14572e-13,4.984
9.14759e-13,4.985
9.14942e-13,4.986
9.15124e-13,4.987
9.15304e-13,4.988
9.15484e-13,4.989
9.1566e-13,4.99
9.15838e-13,4.991
9.16014e-13,4.992
9.16187e-13,4.993
9.16361e-13,4.994
9.16538e-13,4.995
9.16718e-13,4.996
9.16895e-13,4.997
9.17067e-13,4.998
9.17239e-13,4.999
9.17412e-13,5
9.17587e-13,5.001
9.17758e-13,5.002
9.17932e-13,5.003
9.18109e-13,5.004
9.18283e-13,5.005
9.18455e-13,5.006
9.18625e-13,5.007
9.18792e-13,5.008
9.18966e-13,5.009
9.19144e-13,5.01
9.1932e-13,5.011
9.19493e-13,5.012
9.19668e-13,5.013
9.19844e-13,5.014
9.20023e-13,5.015
9.20202e-13,5.016
9.2038e-13,5.017
9.20555e-13,5.018
9.20729e-13,5.019
9.20903e-13,5.02
9.21076e-13,5.021
9.21249e-13,5.022
9.21424e-13,5.023
9.21592e-13,5.024
9.21757e-13,5.025
9.21922e-13,5.026
9.22089e-13,5.027
9.22257e-13,5.028
9.22425e-13,5.029
9.22596e-13,5.03
9.22764e-13,5.031
9.22933e-13,5.032
9.23104e-13,5.033
9.23274e-13,5.034
9.23442e-13,5.035
9.23612e-13,5.036
9.2378e-13,5.037
9.23945e-13,5.038
9.24111e-13,5.039
9.24277e-13,5.04
9.24444e-13,5.041
9.24614e-13,5.042
9.24783e-13,5.043
9.24951e-13,5.044
9.2512e-13,5.045
9.2529e-13,5.046
9.25461e-13,5.047
9.25628e-13,5.048
9.25793e-13,5.049
9.25958e-13,5.05
9.26122e-13,5.051
9.26286e-13,5.052
9.26449e-13,5.053
9.26616e-13,5.054
9.2678e-13,5.055
9.2694e-13,5.056
9.27098e-13,5.057
9.27255e-13,5.058
9.27413e-13,5.059
9.2757e-13,5.06
9.27728e-13,5.061
9.27889e-13,5.062
9.28048e-13,5.063
9.28205e-13,5.064
9.28365e-13,5.065
9.28529e-13,5.066
9.28694e-13,5.067
9.28861e-13,5.068
9.29031e-13,5.069
9.29205e-13,5.07
9.29377e-13,5.071
9.29553e-13,5.072
9.29725e-13,5.073
9.29897e-13,5.074
9.30063e-13,5.075
9.30229e-13,5.076
9.30395e-13,5.077
9.30563e-13,5.078
9.30732e-13,5.079
9.309e-13,5.08
9.3107e-13,5.081
9.31237e-13,5.082
9.31408e-13,5.083
9.31578e-13,5.084
9.31747e-13,5.085
9.31916e-13,5.086
9.32086e-13,5.087
9.32259e-13,5.088
9.32434e-13,5.089
9.3261e-13,5.09
9.32786e-13,5.091
9.32962e-13,5.092
9.33141e-13,5.093
9.33319e-13,5.094
9.33493e-13,5.095
9.33673e-13,5.096
9.33851e-13,5.097
9.34029e-13,5.098
9.34207e-13,5.099
9.34387e-13,5.1
9.34567e-13,5.101
9.34749e-13,5.102
9.34935e-13,5.103
9.35124e-13,5.104
9.35312e-13,5.105
9.35501e-13,5.106
9.35693e-13,5.107
9.35883e-13,5.108
9.36073e-13,5.109
9.36261e-13,5.11
9.3645e-13,5.111
9.36641e-13,5.112
9.36834e-13,5.113
9.37024e-13,5.114
9.37215e-13,5.115
9.37405e-13,5.116
9.37595e-13,5.117
9.37788e-13,5.118
9.37983e-13,5.119
9.38173e-13,5.12
9.38363e-13,5.121
9.38555e-13,5.122
9.38747e-13,5.123
9.38939e-13,5.124
9.39135e-13,5.125
9.39332e-13,5.126
9.39529e-13,5.127
9.39729e-13,5.128
9.39928e-13,5.129
9.40129e-13,5.13
9.40329e-13,5.131
9.40529e-13,5.132
9.40729e-13,5.133
9.40927e-13,5.134
9.41125e-13,5.135
9.41322e-13,5.136
9.41517e-13,5.137
9.4171e-13,5.138
9.419e-13,5.139
9.4209e-13,5.14
9.42278e-13,5.141
9.42463e-13,5.142
9.42649e-13,5.143
9.42835e-13,5.144
9.43021e-13,5.145
9.43208e-13,5.146
9.43398e-13,5.147
9.4359e-13,5.148
9.43786e-13,5.149
9.43985e-13,5.15
9.44187e-13,5.151
9.44386e-13,5.152
9.44587e-13,5.153
9.44786e-13,5.154
9.44985e-13,5.155
9.45182e-13,5.156
9.45379e-13,5.157
9.45574e-13,5.158
9.4577e-13,5.159
9.45963e-13,5.16
9.46155e-13,5.161
9.46349e-13,5.162
9.46546e-13,5.163
9.46742e-13,5.164
9.46943e-13,5.165
9.47146e-13,5.166
9.47353e-13,5.167
9.47561e-13,5.168
9.47774e-13,5.169
9.47985e-13,5.17
9.48198e-13,5.171
9.48411e-13,5.172
9.48623e-13,5.173
9.48836e-13,5.174
9.49051e-13,5.175
9.49264e-13,5.176
9.49475e-13,5.177
9.49692e-13,5.178
9.49912e-13,5.179
9.50126e-13,5.18
9.50338e-13,5.181
9.5055e-13,5.182
9.50762e-13,5.183
9.50972e-13,5.184
9.51185e-13,5.185
9.51397e-13,5.186
9.51612e-13,5.187
9.51825e-13,5.188
9.52038e-13,5.189
9.5225e-13,5.19
9.52461e-13,5.191
9.52673e-13,5.192
9.52882e-13,5.193
9.53086e-13,5.194
9.53291e-13,5.195
9.53494e-13,5.196
9.53699e-13,5.197
9.53904e-13,5.198
9.54108e-13,5.199
9.54316e-13,5.2
9.54526e-13,5.201
9.54737e-13,5.202
9.54947e-13,5.203
9.55157e-13,5.204
9.55368e-13,5.205
9.55577e-13,5.206
9.55789e-13,5.207
9.56003e-13,5.208
9.56216e-13,5.209
9.5643e-13,5.21
9.56645e-13,5.211
9.56859e-13,5.212
9.57067e-13,5.213
9.57273e-13,5.214
9.57481e-13,5.215
9.5769e-13,5.216
9.57899e-13,5.217
9.58107e-13,5.218
9.58317e-13,5.219
9.58522e-13,5.22
9.58727e-13,5.221
9.58934e-13,5.222
9.59139e-13,5.223
9.59342e-13,5.224
9.59541e-13,5.225
9.59736e-13,5.226
9.59931e-13,5.227
9.60126e-13,5.228
9.60322e-13,5.229
9.6052e-13,5.23
9.60719e-13,5.231
9.60915e-13,5.232
9.61111e-13,5.233
9.61308e-13,5.234
9.61506e-13,5.235
9.61705e-13,5.236
9.61905e-13,5.237
9.62103e-13,5.238
9.62305e-13,5.239
9.6251e-13,5.24
9.62713e-13,5.241
9.62916e-13,5.242
9.63116e-13,5.243
9.63315e-13,5.244
9.63512e-13,5.245
9.63708e-13,5.246
9.63904e-13,5.247
9.64101e-13,5.248
9.64294e-13,5.249
9.64488e-13,5.25
9.64684e-13,5.251
9.6488e-13,5.252
9.65076e-13,5.253
9.65272e-13,5.254
9.65468e-13,5.255
9.65665e-13,5.256
9.6586e-13,5.257
9.66055e-13,5.258
9.66255e-13,5.259
9.66455e-13,5.26
9.66653e-13,5.261
9.66854e-13,5.262
9.67055e-13,5.263
9.67254e-13,5.264
9.67456e-13,5.265
9.67658e-13,5.266
9.67862e-13,5.267
9.68066e-13,5.268
9.6827e-13,5.269
9.6847e-13,5.27
9.68667e-13,5.271
9.68857e-13,5.272
9.69047e-13,5.273
9.69239e-13,5.274
9.69429e-13,5.275
9.6962e-13,5.276
9.6981e-13,5.277
9.70001e-13,5.278
9.70194e-13,5.279
9.70391e-13,5.28
9.70588e-13,5.281
9.70782e-13,5.282
9.7098e-13,5.283
9.7118e-13,5.284
9.71377e-13,5.285
9.71573e-13,5.286
9.7177e-13,5.287
9.71974e-13,5.288
9.72179e-13,5.289
9.72382e-13,5.29
9.72583e-13,5.291
9.72783e-13,5.292
9.72984e-13,5.293
9.73181e-13,5.294
9.73378e-13,5.295
9.73575e-13,5.296
9.73772e-13,5.297
9.73969e-13,5.298
9.74164e-13,5.299
9.74363e-13,5.3
9.74561e-13,5.301
9.74758e-13,5.302
9.74954e-13,5.303
9.75153e-13,5.304
9.7535e-13,5.305
9.75546e-13,5.306
9.75741e-13,5.307
9.75937e-13,5.308
9.76134e-13,5.309
9.76333e-13,5.31
9.76535e-13,5.311
9.76736e-13,5.312
9.76935e-13,5.313
9.77138e-13,5.314
9.77345e-13,5.315
9.7755e-13,5.316
9.77753e-13,5.317
9.77956e-13,5.318
9.78157e-13,5.319
9.78358e-13,5.32
9.78555e-13,5.321
9.78753e-13,5.322
9.7895e-13,5.323
9.79147e-13,5.324
9.79341e-13,5.325
9.79537e-13,5.326
9.79731e-13,5.327
9.79918e-13,5.328
9.80108e-13,5.329
9.80298e-13,5.33
9.80486e-13,5.331
9.80673e-13,5.332
9.80863e-13,5.333
9.81058e-13,5.334
9.81249e-13,5.335
9.81439e-13,5.336
9.81631e-13,5.337
9.81818e-13,5.338
9.82001e-13,5.339
9.82187e-13,5.34
9.82375e-13,5.341
9.82563e-13,5.342
9.8275e-13,5.343
9.82941e-13,5.344
9.8313e-13,5.345
9.83313e-13,5.346
9.83498e-13,5.347
9.83684e-13,5.348
9.83871e-13,5.349
9.8406e-13,5.35
9.84249e-13,5.351
9.84437e-13,5.352
9.84625e-13,5.353
9.8482e-13,5.354
9.85018e-13,5.355
9.85216e-13,5.356
9.85414e-13,5.357
9.85609e-13,5.358
9.85806e-13,5.359
9.86002e-13,5.36
9.86195e-13,5.361
9.8639e-13,5.362
9.86588e-13,5.363
9.86785e-13,5.364
9.86985e-13,5.365
9.87186e-13,5.366
9.87385e-13,5.367
9.87583e-13,5.368
9.87783e-13,5.369
9.87986e-13,5.37
9.88188e-13,5.371
9.88391e-13,5.372
9.88597e-13,5.373
9.88805e-13,5.374
9.89013e-13,5.375
9.89221e-13,5.376
9.8943e-13,5.377
9.89643e-13,5.378
9.89856e-13,5.379
9.90067e-13,5.38
9.90279e-13,5.381
9.90498e-13,5.382
9.90716e-13,5.383
9.90936e-13,5.384
9.91152e-13,5.385
9.91366e-13,5.386
9.9158e-13,5.387
9.91793e-13,5.388
9.92008e-13,5.389
9.92222e-13,5.39
9.92428e-13,5.391
9.92632e-13,5.392
9.92834e-13,5.393
9.93036e-13,5.394
9.93243e-13,5.395
9.9345e-13,5.396
9.93657e-13,5.397
9.93858e-13,5.398
9.94062e-13,5.399
9.94268e-13,5.4
9.94473e-13,5.401
9.94681e-13,5.402
9.94893e-13,5.403
9.95101e-13,5.404
9.95308e-13,5.405
9.95517e-13,5.406
9.95726e-13,5.407
9.95933e-13,5.408
9.96139e-13,5.409
9.96345e-13,5.41
9.96552e-13,5.411
9.96758e-13,5.412
9.96965e-13,5.413
9.97174e-13,5.414
9.97384e-13,5.415
9.97592e-13,5.416
9.97792e-13,5.417
9.9799e-13,5.418
9.98185e-13,5.419
9.9838e-13,5.42
9.98573e-13,5.421
9.9877e-13,5.422
9.98966e-13,5.423
9.99159e-13,5.424
9.99352e-13,5.425
9.99548e-13,5.426
9.99746e-13,5.427
9.99944e-13,5.428
1.00015e-12,5.429
1.00035e-12,5.43
1.00055e-12,5.431
1.00074e-12,5.432
1.00094e-12,5.433
1.00115e-12,5.434
1.00135e-12,5.435
1.00156e-12,5.436
1.00176e-12,5.437
1.00197e-12,5.438
1.00217e-12,5.439
1.00237e-12,5.44
1.00256e-12,5.441
1.00276e-12,5.442
1.00296e-12,5.443
1.00316e-12,5.444
1.00337e-12,5.445
1.00357e-12,5.446
1.00377e-12,5.447
1.00397e-12,5.448
1.00417e-12,5.449
1.00437e-12,5.45
1.00456e-12,5.451
1.00476e-12,5.452
1.00496e-12,5.453
1.00515e-12,5.454
1.00535e-12,5.455
1.00554e-12,5.456
1.00574e-12,5.457
1.00593e-12,5.458
1.00613e-12,5.459
1.00632e-12,5.46
1.00652e-12,5.461
1.00671e-12,5.462
1.00691e-12,5.463
1.0071e-12,5.464
1.00729e-12,5.465
1.00749e-12,5.466
1.00768e-12,5.467
1.00787e-12,5.468
1.00806e-12,5.469
1.00825e-12,5.47
1.00845e-12,5.471
1.00864e-12,5.472
1.00884e-12,5.473
1.00903e-12,5.474
1.00922e-12,5.475
1.00941e-12,5.476
1.0096e-12,5.477
1.0098e-12,5.478
1.00999e-12,5.479
1.01019e-12,5.48
1.01038e-12,5.481
1.01058e-12,5.482
1.01077e-12,5.483
1.01096e-12,5.484
1.01115e-12,5.485
1.01135e-12,5.486
1.01154e-12,5.487
1.01174e-12,5.488
1.01194e-12,5.489
1.01213e-12,5.49
1.01233e-12,5.491
1.01252e-12,5.492
1.01272e-12,5.493
1.01291e-12,5.494
1.01311e-12,5.495
1.0133e-12,5.496
1.0135e-12,5.497
1.01369e-12,5.498
1.01388e-12,5.499
1.01407e-12,5.5
1.01427e-12,5.501
1.01446e-12,5.502
1.01465e-12,5.503
1.01484e-12,5.504
1.01504e-12,5.505
1.01523e-12,5.506
1.01542e-12,5.507
1.01561e-12,5.508
1.0158e-12,5.509
1.016e-12,5.51
1.01619e-12,5.511
1.01639e-12,5.512
1.01659e-12,5.513
1.01679e-12,5.514
1.01698e-12,5.515
1.01717e-12,5.516
1.01736e-12,5.517
1.01755e-12,5.518
1.01774e-12,5.519
1.01794e-12,5.52
1.01813e-12,5.521
1.01833e-12,5.522
1.01852e-12,5.523
1.01872e-12,5.524
1.01891e-12,5.525
1.01911e-12,5.526
1.0193e-12,5.527
1.0195e-12,5.528
1.0197e-12,5.529
1.0199e-12,5.53
1.0201e-12,5.531
1.02029e-12,5.532
1.02049e-12,5.533
1.02068e-12,5.534
1.02088e-12,5.535
1.02109e-12,5.536
1.02129e-12,5.537
1.02149e-12,5.538
1.02168e-12,5.539
1.02188e-12,5.54
1.02207e-12,5.541
1.02226e-12,5.542
1.02246e-12,5.543
1.02265e-12,5.544
1.02284e-12,5.545
1.02303e-12,5.546
1.02323e-12,5.547
1.02342e-12,5.548
1.02361e-12,5.549
1.0238e-12,5.55
1.024e-12,5.551
1.02419e-12,5.552
1.02438e-12,5.553
1.02458e-12,5.554
1.02477e-12,5.555
1.02497e-12,5.556
1.02516e-12,5.557
1.02536e-12,5.558
1.02555e-12,5.559
1.02574e-12,5.56
1.02593e-12,5.561
1.02613e-12,5.562
1.02632e-12,5.563
1.02652e-12,5.564
1.02672e-12,5.565
1.02692e-12,5.566
1.02712e-12,5.567
1.02731e-12,5.568
1.02751e-12,5.569
1.02771e-12,5.57
1.0279e-12,5.571
1.0281e-12,5.572
1.0283e-12,5.573
1.02849e-12,5.574
1.02869e-12,5.575
1.02889e-12,5.576
1.02909e-12,5.577
1.02929e-12,5.578
1.0295e-12,5.579
1.0297e-12,5.58
1.0299e-12,5.581
1.0301e-12,5.582
1.03029e-12,5.583
1.03049e-12,5.584
1.03069e-12,5.585
1.03089e-12,5.586
1.0311e-12,5.587
1.0313e-12,5.588
1.0315e-12,5.589
1.0317e-12,5.59
1.0319e-12,5.591
1.03211e-12,5.592
1.03231e-12,5.593
1.03252e-12,5.594
1.03272e-12,5.595
1.03293e-12,5.596
1.03313e-12,5.597
1.03334e-12,5.598
1.03355e-12,5.599
1.03375e-12,5.6
1.03395e-12,5.601
1.03415e-12,5.602
1.03435e-12,5.603
1.03455e-12,5.604
1.03475e-12,5.605
1.03494e-12,5.606
1.03513e-12,5.607
1.03532e-12,5.608
1.03551e-12,5.609
1.0357e-12,5.61
1.03588e-12,5.611
1.03607e-12,5.612
1.03625e-12,5.613
1.03644e-12,5.614
1.03663e-12,5.615
1.03682e-12,5.616
1.03701e-12,5.617
1.0372e-12,5.618
1.03739e-12,5.619
1.03758e-12,5.62
1.03777e-12,5.621
1.03797e-12,5.622
1.03816e-12,5.623
1.03835e-12,5.624
1.03854e-12,5.625
1.03873e-12,5.626
1.03893e-12,5.627
1.03912e-12,5.628
1.03931e-12,5.629
1.0395e-12,5.63
1.0397e-12,5.631
1.03989e-12,5.632
1.04008e-12,5.633
1.04027e-12,5.634
1.04046e-12,5.635
1.04065e-12,5.636
1.04085e-12,5.637
1.04104e-12,5.638
1.04123e-12,5.639
1.04142e-12,5.64
1.0416e-12,5.641
1.04179e-12,5.642
1.04197e-12,5.643
1.04216e-12,5.644
1.04235e-12,5.645
1.04254e-12,5.646
1.04273e-12,5.647
1.04292e-12,5.648
1.04311e-12,5.649
1.04331e-12,5.65
1.0435e-12,5.651
1.04368e-12,5.652
1.04386e-12,5.653
1.04405e-12,5.654
1.04423e-12,5.655
1.0444e-12,5.656
1.04458e-12,5.657
1.04476e-12,5.658
1.04494e-12,5.659
1.04512e-12,5.66
1.0453e-12,5.661
1.04548e-12,5.662
1.04566e-12,5.663
1.04584e-12,5.664
1.04602e-12,5.665
1.0462e-12,5.666
1.04638e-12,5.667
1.04657e-12,5.668
1.04676e-12,5.669
1.04694e-12,5.67
1.04713e-12,5.671
1.04731e-12,5.672
1.0475e-12,5.673
1.04769e-12,5.674
1.04788e-12,5.675
1.04807e-12,5.676
1.04825e-12,5.677
1.04844e-12,5.678
1.04862e-12,5.679
1.04881e-12,5.68
1.049e-12,5.681
1.04919e-12,5.682
1.04938e-12,5.683
1.04957e-12,5.684
1.04976e-12,5.685
1.04995e-12,5.686
1.05014e-12,5.687
1.05033e-12,5.688
1.05052e-12,5.689
1.0507e-12,5.69
1.05089e-12,5.691
1.05108e-12,5.692
1.05127e-12,5.693
1.05146e-12,5.694
1.05165e-12,5.695
1.05184e-12,5.696
1.05203e-12,5.697
1.05222e-12,5.698
1.05241e-12,5.699
1.05259e-12,5.7
1.05278e-12,5.701
1.05296e-12,5.702
1.05315e-12,5.703
1.05333e-12,5.704
1.05351e-12,5.705
1.0537e-12,5.706
1.05388e-12,5.707
1.05406e-12,5.708
1.05425e-12,5.709
1.05443e-12,5.71
1.05462e-12,5.711
1.0548e-12,5.712
1.05498e-12,5.713
1.05517e-12,5.714
1.05535e-12,5.715
1.05553e-12,5.716
1.05571e-12,5.717
1.05589e-12,5.718
1.05608e-12,5.719
1.05626e-12,5.72
1.05644e-12,5.721
1.05661e-12,5.722
1.05679e-12,5.723
1.05697e-12,5.724
1.05714e-12,5.725
1.05731e-12,5.726
1.05749e-12,5.727
1.05766e-12,5.728
1.05784e-12,5.729
1.05801e-12,5.73
1.05818e-12,5.731
1.05836e-12,5.732
1.05853e-12,5.733
1.0587e-12,5.734
1.05888e-12,5.735
1.05906e-12,5.736
1.05924e-12,5.737
1.05942e-12,5.738
1.05959e-12,5.739
1.05977e-12,5.74
1.05995e-12,5.741
1.06013e-12,5.742
1.06031e-12,5.743
1.06049e-12,5.744
1.06068e-12,5.745
1.06087e-12,5.746
1.06106e-12,5.747
1.06125e-12,5.748
1.06144e-12,5.749
1.06163e-12,5.75
1.06183e-12,5.751
1.06202e-12,5.752
1.0622e-12,5.753
1.06239e-12,5.754
1.06258e-12,5.755
1.06276e-12,5.756
1.06295e-12,5.757
1.06313e-12,5.758
1.06332e-12,5.759
1.06351e-12,5.76
1.0637e-12,5.761
1.06389e-12,5.762
1.06407e-12,5.763
1.06426e-12,5.764
1.06444e-12,5.765
1.06463e-12,5.766
1.06482e-12,5.767
1.065e-12,5.768
1.06518e-12,5.769
1.06537e-12,5.77
1.06555e-12,5.771
1.06573e-12,5.772
1.06591e-12,5.773
1.06608e-12,5.774
1.06625e-12,5.775
1.06642e-12,5.776
1.06659e-12,5.777
1.06677e-12,5.778
1.06694e-12,5.779
1.06712e-12,5.78
1.06729e-12,5.781
1.06747e-12,5.782
1.06764e-12,5.783
1.06781e-12,5.784
1.06799e-12,5.785
1.06817e-12,5.786
1.06834e-12,5.787
1.06852e-12,5.788
1.0687e-12,5.789
1.06888e-12,5.79
1.06905e-12,5.791
1.06923e-12,5.792
1.0694e-12,5.793
1.06958e-12,5.794
1.06976e-12,5.795
1.06994e-12,5.796
1.07012e-12,5.797
1.07031e-12,5.798
1.0705e-12,5.799
1.07069e-12,5.8
1.07087e-12,5.801
1.07106e-12,5.802
1.07124e-12,5.803
1.07142e-12,5.804
1.0716e-12,5.805
1.07178e-12,5.806
1.07195e-12,5.807
1.07214e-12,5.808
1.07232e-12,5.809
1.07251e-12,5.81
1.0727e-12,5.811
1.07289e-12,5.812
1.07307e-12,5.813
1.07326e-12,5.814
1.07345e-12,5.815
1.07363e-12,5.816
1.07382e-12,5.817
1.07401e-12,5.818
1.07419e-12,5.819
1.07438e-12,5.82
1.07456e-12,5.821
1.07475e-12,5.822
1.07493e-12,5.823
1.07511e-12,5.824
1.0753e-12,5.825
1.07548e-12,5.826
1.07566e-12,5.827
1.07584e-12,5.828
1.07603e-12,5.829
1.07621e-12,5.83
1.07639e-12,5.831
1.07657e-12,5.832
1.07675e-12,5.833
1.07694e-12,5.834
1.07713e-12,5.835
1.07732e-12,5.836
1.07751e-12,5.837
1.0777e-12,5.838
1.0779e-12,5.839
1.07809e-12,5.84
1.07828e-12,5.841
1.07847e-12,5.842
1.07865e-12,5.843
1.07884e-12,5.844
1.07904e-12,5.845
1.07923e-12,5.846
1.07942e-12,5.847
1.07962e-12,5.848
1.07981e-12,5.849
1.08e-12,5.85
1.08019e-12,5.851
1.08038e-12,5.852
1.08057e-12,5.853
1.08076e-12,5.854
1.08096e-12,5.855
1.08114e-12,5.856
1.08133e-12,5.857
1.08151e-12,5.858
1.08169e-12,5.859
1.08187e-12,5.86
1.08206e-12,5.861
1.08224e-12,5.862
1.08242e-12,5.863
1.0826e-12,5.864
1.08279e-12,5.865
1.08297e-12,5.866
1.08315e-12,5.867
1.08333e-12,5.868
1.08351e-12,5.869
1.08369e-12,5.87
1.08387e-12,5.871
1.08405e-12,5.872
1.08423e-12,5.873
1.08442e-12,5.874
1.0846e-12,5.875
1.08478e-12,5.876
1.08497e-12,5.877
1.08515e-12,5.878
1.08534e-12,5.879
1.08552e-12,5.88
1.08571e-12,5.881
1.08589e-12,5.882
1.08608e-12,5.883
1.08626e-12,5.884
1.08644e-12,5.885
1.08662e-12,5.886
1.08679e-12,5.887
1.08697e-12,5.888
1.08715e-12,5.889
1.08732e-12,5.89
1.0875e-12,5.891
1.08768e-12,5.892
1.08785e-12,5.893
1.08803e-12,5.894
1.08821e-12,5.895
1.08839e-12,5.896
1.08856e-12,5.897
1.08875e-12,5.898
1.08893e-12,5.899
1.08911e-12,5.9
1.0893e-12,5.901
1.08948e-12,5.902
1.08966e-12,5.903
1.08984e-12,5.904
1.09003e-12,5.905
1.09021e-12,5.906
1.09039e-12,5.907
1.09058e-12,5.908
1.09076e-12,5.909
1.09094e-12,5.91
1.09112e-12,5.911
1.0913e-12,5.912
1.09148e-12,5.913
1.09167e-12,5.914
1.09185e-12,5.915
1.09204e-12,5.916
1.09222e-12,5.917
1.09241e-12,5.918
1.0926e-12,5.919
1.09278e-12,5.92
1.09297e-12,5.921
1.09315e-12,5.922
1.09333e-12,5.923
1.09351e-12,5.924
1.09369e-12,5.925
1.09388e-12,5.926
1.09406e-12,5.927
1.09423e-12,5.928
1.09441e-12,5.929
1.09458e-12,5.93
1.09477e-12,5.931
1.09495e-12,5.932
1.09513e-12,5.933
1.09532e-12,5.934
1.09551e-12,5.935
1.09569e-12,5.936
1.09588e-12,5.937
1.09606e-12,5.938
1.09625e-12,5.939
1.09645e-12,5.94
1.09664e-12,5.941
1.09683e-12,5.942
1.09702e-12,5.943
1.0972e-12,5.944
1.09739e-12,5.945
1.09758e-12,5.946
1.09777e-12,5.947
1.09797e-12,5.948
1.09816e-12,5.949
1.09835e-12,5.95
1.09855e-12,5.951
1.09874e-12,5.952
1.09894e-12,5.953
1.09913e-12,5.954
1.09933e-12,5.955
1.09953e-12,5.956
1.09972e-12,5.957
1.09993e-12,5.958
1.10013e-12,5.959
1.10033e-12,5.96
1.10053e-12,5.961
1.10073e-12,5.962
1.10093e-12,5.963
1.10113e-12,5.964
1.10134e-12,5.965
1.10155e-12,5.966
1.10175e-12,5.967
1.10195e-12,5.968
1.10216e-12,5.969
1.10237e-12,5.97
1.10257e-12,5.971
1.10278e-12,5.972
1.10298e-12,5.973
1.10319e-12,5.974
1.10339e-12,5.975
1.10359e-12,5.976
1.10379e-12,5.977
1.10399e-12,5.978
1.10418e-12,5.979
1.10439e-12,5.98
1.10459e-12,5.981
1.1048e-12,5.982
1.10501e-12,5.983
1.10521e-12,5.984
1.10541e-12,5.985
1.10561e-12,5.986
1.10581e-12,5.987
1.10601e-12,5.988
1.10621e-12,5.989
1.10641e-12,5.99
1.10661e-12,5.991
1.1068e-12,5.992
1.107e-12,5.993
1.1072e-12,5.994
1.10739e-12,5.995
1.10759e-12,5.996
1.10778e-12,5.997
1.10798e-12,5.998
1.10816e-12,5.999
1.10834e-12,6
1.10853e-12,6.001
1.10871e-12,6.002
1.1089e-12,6.003
1.10909e-12,6.004
1.10928e-12,6.005
1.10947e-12,6.006
1.10966e-12,6.007
1.10985e-12,6.008
1.11004e-12,6.009
1.11023e-12,6.01
1.11042e-12,6.011
1.11061e-12,6.012
1.11081e-12,6.013
1.11101e-12,6.014
1.11121e-12,6.015
1.1114e-12,6.016
1.11159e-12,6.017
1.11178e-12,6.018
1.11197e-12,6.019
1.11216e-12,6.02
1.11236e-12,6.021
1.11255e-12,6.022
1.11274e-12,6.023
1.11293e-12,6.024
1.11312e-12,6.025
1.11331e-12,6.026
1.1135e-12,6.027
1.11369e-12,6.028
1.11388e-12,6.029
1.11407e-12,6.03
1.11426e-12,6.031
1.11446e-12,6.032
1.11466e-12,6.033
1.11486e-12,6.034
1.11505e-12,6.035
1.11525e-12,6.036
1.11545e-12,6.037
1.11564e-12,6.038
1.11584e-12,6.039
1.11604e-12,6.04
1.11624e-12,6.041
1.11643e-12,6.042
1.11663e-12,6.043
1.11682e-12,6.044
1.11701e-12,6.045
1.1172e-12,6.046
1.11739e-12,6.047
1.11757e-12,6.048
1.11775e-12,6.049
1.11794e-12,6.05
1.11813e-12,6.051
1.11831e-12,6.052
1.1185e-12,6.053
1.11868e-12,6.054
1.11887e-12,6.055
1.11905e-12,6.056
1.11923e-12,6.057
1.11942e-12,6.058
1.11961e-12,6.059
1.11981e-12,6.06
1.12e-12,6.061
1.12018e-12,6.062
1.12037e-12,6.063
1.12056e-12,6.064
1.12075e-12,6.065
1.12095e-12,6.066
1.12114e-12,6.067
1.12133e-12,6.068
1.12152e-12,6.069
1.12171e-12,6.07
1.1219e-12,6.071
1.12209e-12,6.072
1.12228e-12,6.073
1.12246e-12,6.074
1.12265e-12,6.075
1.12284e-12,6.076
1.12303e-12,6.077
1.12322e-12,6.078
1.1234e-12,6.079
1.12359e-12,6.08
1.12377e-12,6.081
1.12396e-12,6.082
1.12415e-12,6.083
1.12434e-12,6.084
1.12453e-12,6.085
1.12472e-12,6.086
1.12491e-12,6.087
1.12509e-12,6.088
1.12528e-12,6.089
1.12546e-12,6.09
1.12564e-12,6.091
1.12582e-12,6.092
1.126e-12,6.093
1.12617e-12,6.094
1.12635e-12,6.095
1.12653e-12,6.096
1.12671e-12,6.097
1.12689e-12,6.098
1.12707e-12,6.099
1.12725e-12,6.1
1.12743e-12,6.101
1.12761e-12,6.102
1.12779e-12,6.103
1.12797e-12,6.104
1.12815e-12,6.105
1.12832e-12,6.106
1.1285e-12,6.107
1.12868e-12,6.108
1.12886e-12,6.109
1.12904e-12,6.11
1.12922e-12,6.111
1.1294e-12,6.112
1.12958e-12,6.113
1.12976e-12,6.114
1.12994e-12,6.115
1.13013e-12,6.116
1.13031e-12,6.117
1.1305e-12,6.118
1.13068e-12,6.119
1.13086e-12,6.12
1.13104e-12,6.121
1.13123e-12,6.122
1.13142e-12,6.123
1.1316e-12,6.124
1.13179e-12,6.125
1.13198e-12,6.126
1.13217e-12,6.127
1.13236e-12,6.128
1.13255e-12,6.129
1.13273e-12,6.13
1.13293e-12,6.131
1.13312e-12,6.132
1.13332e-12,6.133
1.13351e-12,6.134
1.1337e-12,6.135
1.13389e-12,6.136
1.13408e-12,6.137
1.13428e-12,6.138
1.13448e-12,6.139
1.13468e-12,6.14
1.13488e-12,6.141
1.13508e-12,6.142
1.13527e-12,6.143
1.13546e-12,6.144
1.13566e-12,6.145
1.13585e-12,6.146
1.13604e-12,6.147
1.13623e-12,6.148
1.13643e-12,6.149
1.13662e-12,6.15
1.13681e-12,6.151
1.137e-12,6.152
1.1372e-12,6.153
1.13739e-12,6.154
1.13758e-12,6.155
1.13778e-12,6.156
1.13798e-12,6.157
1.13817e-12,6.158
1.13836e-12,6.159
1.13855e-12,6.16
1.13875e-12,6.161
1.13894e-12,6.162
1.13913e-12,6.163
1.13932e-12,6.164
1.13951e-12,6.165
1.1397e-12,6.166
1.13988e-12,6.167
1.14007e-12,6.168
1.14025e-12,6.169
1.14044e-12,6.17
1.14062e-12,6.171
1.14081e-12,6.172
1.14099e-12,6.173
1.14117e-12,6.174
1.14136e-12,6.175
1.14155e-12,6.176
1.14173e-12,6.177
1.14192e-12,6.178
1.14211e-12,6.179
1.1423e-12,6.18
1.14248e-12,6.181
1.14267e-12,6.182
1.14286e-12,6.183
1.14305e-12,6.184
1.14324e-12,6.185
1.14343e-12,6.186
1.14361e-12,6.187
1.1438e-12,6.188
1.14399e-12,6.189
1.14418e-12,6.19
1.14437e-12,6.191
1.14456e-12,6.192
1.14475e-12,6.193
1.14494e-12,6.194
1.14512e-12,6.195
1.14531e-12,6.196
1.14549e-12,6.197
1.14568e-12,6.198
1.14586e-12,6.199
1.14604e-12,6.2
1.14622e-12,6.201
1.1464e-12,6.202
1.14658e-12,6.203
1.14676e-12,6.204
1.14694e-12,6.205
1.14711e-12,6.206
1.14729e-12,6.207
1.14746e-12,6.208
1.14764e-12,6.209
1.14782e-12,6.21
1.148e-12,6.211
1.14818e-12,6.212
1.14836e-12,6.213
1.14854e-12,6.214
1.14871e-12,6.215
1.14889e-12,6.216
1.14906e-12,6.217
1.14924e-12,6.218
1.14941e-12,6.219
1.14959e-12,6.22
1.14976e-12,6.221
1.14993e-12,6.222
1.1501e-12,6.223
1.15027e-12,6.224
1.15044e-12,6.225
1.1506e-12,6.226
1.15077e-12,6.227
1.15094e-12,6.228
1.15111e-12,6.229
1.15128e-12,6.23
1.15145e-12,6.231
1.15162e-12,6.232
1.1518e-12,6.233
1.15198e-12,6.234
1.15215e-12,6.235
1.15233e-12,6.236
1.15251e-12,6.237
1.15269e-12,6.238
1.15287e-12,6.239
1.15305e-12,6.24
1.15322e-12,6.241
1.1534e-12,6.242
1.15357e-12,6.243
1.15374e-12,6.244
1.15392e-12,6.245
1.15409e-12,6.246
1.15426e-12,6.247
1.15443e-12,6.248
1.1546e-12,6.249
1.15477e-12,6.25
1.15495e-12,6.251
1.15511e-12,6.252
1.15528e-12,6.253
1.15545e-12,6.254
1.15562e-12,6.255
1.15579e-12,6.256
1.15597e-12,6.257
1.15615e-12,6.258
1.15632e-12,6.259
1.1565e-12,6.26
1.15668e-12,6.261
1.15686e-12,6.262
1.15704e-12,6.263
1.15722e-12,6.264
1.1574e-12,6.265
1.15758e-12,6.266
1.15776e-12,6.267
1.15793e-12,6.268
1.15811e-12,6.269
1.15828e-12,6.27
1.15845e-12,6.271
1.15862e-12,6.272
1.15879e-12,6.273
1.15896e-12,6.274
1.15913e-12,6.275
1.1593e-12,6.276
1.15946e-12,6.277
1.15962e-12,6.278
1.15978e-12,6.279
1.15994e-12,6.28
1.1601e-12,6.281
1.16026e-12,6.282
1.16041e-12,6.283
1.16058e-12,6.284
1.16074e-12,6.285
1.16089e-12,6.286
1.16105e-12,6.287
1.16121e-12,6.288
1.16137e-12,6.289
1.16153e-12,6.29
1.16168e-12,6.291
1.16184e-12,6.292
1.16199e-12,6.293
1.16215e-12,6.294
1.1623e-12,6.295
1.16245e-12,6.296
1.1626e-12,6.297
1.16275e-12,6.298
1.1629e-12,6.299
1.16305e-12,6.3
1.1632e-12,6.301
1.16334e-12,6.302
1.16349e-12,6.303
1.16363e-12,6.304
1.16377e-12,6.305
1.16392e-12,6.306
1.16406e-12,6.307
1.16422e-12,6.308
1.16437e-12,6.309
1.16453e-12,6.31
1.16469e-12,6.311
1.16484e-12,6.312
1.16501e-12,6.313
1.16517e-12,6.314
1.16533e-12,6.315
1.1655e-12,6.316
1.16567e-12,6.317
1.16583e-12,6.318
1.166e-12,6.319
1.16617e-12,6.32
1.16634e-12,6.321
1.16651e-12,6.322
1.16668e-12,6.323
1.16686e-12,6.324
1.16704e-12,6.325
1.16721e-12,6.326
1.16738e-12,6.327
1.16756e-12,6.328
1.16773e-12,6.329
1.16791e-12,6.33
1.16808e-12,6.331
1.16827e-12,6.332
1.16845e-12,6.333
1.16862e-12,6.334
1.16879e-12,6.335
1.16896e-12,6.336
1.16914e-12,6.337
1.16931e-12,6.338
1.16948e-12,6.339
1.16966e-12,6.34
1.16983e-12,6.341
1.17001e-12,6.342
1.17018e-12,6.343
1.17036e-12,6.344
1.17053e-12,6.345
1.1707e-12,6.346
1.17087e-12,6.347
1.17104e-12,6.348
1.17121e-12,6.349
1.17138e-12,6.35
1.17156e-12,6.351
1.17173e-12,6.352
1.1719e-12,6.353
1.17207e-12,6.354
1.17224e-12,6.355
1.17241e-12,6.356
1.17258e-12,6.357
1.17275e-12,6.358
1.17292e-12,6.359
1.17309e-12,6.36
1.17327e-12,6.361
1.17345e-12,6.362
1.17362e-12,6.363
1.1738e-12,6.364
1.17397e-12,6.365
1.17414e-12,6.366
1.17432e-12,6.367
1.1745e-12,6.368
1.17467e-12,6.369
1.17485e-12,6.37
1.17502e-12,6.371
1.1752e-12,6.372
1.17538e-12,6.373
1.17557e-12,6.374
1.17575e-12,6.375
1.17594e-12,6.376
1.17612e-12,6.377
1.1763e-12,6.378
1.17648e-12,6.379
1.17666e-12,6.38
1.17685e-12,6.381
1.17704e-12,6.382
1.17722e-12,6.383
1.17741e-12,6.384
1.1776e-12,6.385
1.17779e-12,6.386
1.17797e-12,6.387
1.17816e-12,6.388
1.17834e-12,6.389
1.17852e-12,6.39
1.1787e-12,6.391
1.17889e-12,6.392
1.17907e-12,6.393
1.17927e-12,6.394
1.17946e-12,6.395
1.17966e-12,6.396
1.17986e-12,6.397
1.18006e-12,6.398
1.18026e-12,6.399
1.18047e-12,6.4
1.18068e-12,6.401
1.18088e-12,6.402
1.18109e-12,6.403
1.18129e-12,6.404
1.1815e-12,6.405
1.1817e-12,6.406
1.18191e-12,6.407
1.18212e-12,6.408
1.18233e-12,6.409
1.18254e-12,6.41
1.18275e-12,6.411
1.18295e-12,6.412
1.18316e-12,6.413
1.18336e-12,6.414
1.18357e-12,6.415
1.18377e-12,6.416
1.18398e-12,6.417
1.18418e-12,6.418
1.18438e-12,6.419
1.18458e-12,6.42
1.18478e-12,6.421
1.18498e-12,6.422
1.18518e-12,6.423
1.18539e-12,6.424
1.18559e-12,6.425
1.18578e-12,6.426
1.18598e-12,6.427
1.18618e-12,6.428
1.18638e-12,6.429
1.18657e-12,6.43
1.18677e-12,6.431
1.18696e-12,6.432
1.18715e-12,6.433
1.18734e-12,6.434
1.18753e-12,6.435
1.18772e-12,6.436
1.18791e-12,6.437
1.18811e-12,6.438
1.18829e-12,6.439
1.18848e-12,6.44
1.18867e-12,6.441
1.18887e-12,6.442
1.18906e-12,6.443
1.18926e-12,6.444
1.18946e-12,6.445
1.18965e-12,6.446
1.18985e-12,6.447
1.19004e-12,6.448
1.19023e-12,6.449
1.19043e-12,6.45
1.19062e-12,6.451
1.19082e-12,6.452
1.19102e-12,6.453
1.19121e-12,6.454
1.1914e-12,6.455
1.1916e-12,6.456
1.19179e-12,6.457
1.19198e-12,6.458
1.19217e-12,6.459
1.19236e-12,6.46
1.19255e-12,6.461
1.19274e-12,6.462
1.19293e-12,6.463
1.19312e-12,6.464
1.1933e-12,6.465
1.19349e-12,6.466
1.19367e-12,6.467
1.19385e-12,6.468
1.19404e-12,6.469
1.19422e-12,6.47
1.1944e-12,6.471
1.19458e-12,6.472
1.19477e-12,6.473
1.19495e-12,6.474
1.19514e-12,6.475
1.19532e-12,6.476
1.19551e-12,6.477
1.1957e-12,6.478
1.19589e-12,6.479
1.19607e-12,6.48
1.19626e-12,6.481
1.19644e-12,6.482
1.19663e-12,6.483
1.19682e-12,6.484
1.19701e-12,6.485
1.1972e-12,6.486
1.1974e-12,6.487
1.19759e-12,6.488
1.19778e-12,6.489
1.19796e-12,6.49
1.19815e-12,6.491
1.19833e-12,6.492
1.19851e-12,6.493
1.1987e-12,6.494
1.19888e-12,6.495
1.19905e-12,6.496
1.19923e-12,6.497
1.19941e-12,6.498
1.19959e-12,6.499
1.19978e-12,6.5
1.19997e-12,6.501
1.20016e-12,6.502
1.20035e-12,6.503
1.20054e-12,6.504
1.20073e-12,6.505
1.20092e-12,6.506
1.20111e-12,6.507
1.2013e-12,6.508
1.20149e-12,6.509
1.20168e-12,6.51
1.20188e-12,6.511
1.20207e-12,6.512
1.20227e-12,6.513
1.20246e-12,6.514
1.20265e-12,6.515
1.20284e-12,6.516
1.20303e-12,6.517
1.20322e-12,6.518
1.20341e-12,6.519
1.2036e-12,6.52
1.20379e-12,6.521
1.20398e-12,6.522
1.20417e-12,6.523
1.20437e-12,6.524
1.20455e-12,6.525
1.20475e-12,6.526
1.20495e-12,6.527
1.20514e-12,6.528
1.20533e-12,6.529
1.20553e-12,6.53
1.20572e-12,6.531
1.20592e-12,6.532
1.20612e-12,6.533
1.20631e-12,6.534
1.20649e-12,6.535
1.20668e-12,6.536
1.20687e-12,6.537
1.20705e-12,6.538
1.20724e-12,6.539
1.20742e-12,6.54
1.20761e-12,6.541
1.2078e-12,6.542
1.20799e-12,6.543
1.20817e-12,6.544
1.20836e-12,6.545
1.20855e-12,6.546
1.20874e-12,6.547
1.20893e-12,6.548
1.20913e-12,6.549
1.20932e-12,6.55
1.20951e-12,6.551
1.20971e-12,6.552
1.2099e-12,6.553
1.2101e-12,6.554
1.21029e-12,6.555
1.21049e-12,6.556
1.21069e-12,6.557
1.21089e-12,6.558
1.21109e-12,6.559
1.21129e-12,6.56
1.2115e-12,6.561
1.2117e-12,6.562
1.2119e-12,6.563
1.21211e-12,6.564
1.21231e-12,6.565
1.21251e-12,6.566
1.21271e-12,6.567
1.21292e-12,6.568
1.21311e-12,6.569
1.2133e-12,6.57
1.2135e-12,6.571
1.2137e-12,6.572
1.2139e-12,6.573
1.2141e-12,6.574
1.2143e-12,6.575
1.21449e-12,6.576
1.21469e-12,6.577
1.21488e-12,6.578
1.21506e-12,6.579
1.21525e-12,6.58
1.21544e-12,6.581
1.21562e-12,6.582
1.21581e-12,6.583
1.21599e-12,6.584
1.21617e-12,6.585
1.21636e-12,6.586
1.21654e-12,6.587
1.21672e-12,6.588
1.2169e-12,6.589
1.21708e-12,6.59
1.21727e-12,6.591
1.21746e-12,6.592
1.21765e-12,6.593
1.21785e-12,6.594
1.21804e-12,6.595
1.21824e-12,6.596
1.21843e-12,6.597
1.21862e-12,6.598
1.21881e-12,6.599
1.219e-12,6.6
1.21919e-12,6.601
1.21938e-12,6.602
1.21957e-12,6.603
1.21976e-12,6.604
1.21995e-12,6.605
1.22015e-12,6.606
1.22034e-12,6.607
1.22053e-12,6.608
1.22072e-12,6.609
1.22092e-12,6.61
1.22111e-12,6.611
1.22131e-12,6.612
1.2215e-12,6.613
1.22169e-12,6.614
1.22188e-12,6.615
1.22207e-12,6.616
1.22225e-12,6.617
1.22244e-12,6.618
1.22262e-12,6.619
1.22281e-12,6.62
1.22299e-12,6.621
1.22317e-12,6.622
1.22336e-12,6.623
1.22354e-12,6.624
1.22373e-12,6.625
1.22391e-12,6.626
1.2241e-12,6.627
1.22429e-12,6.628
1.22448e-12,6.629
1.22467e-12,6.63
1.22485e-12,6.631
1.22503e-12,6.632
1.22521e-12,6.633
1.22538e-12,6.634
1.22556e-12,6.635
1.22574e-12,6.636
1.22593e-12,6.637
1.22611e-12,6.638
1.22629e-12,6.639
1.22648e-12,6.64
1.22666e-12,6.641
1.22683e-12,6.642
1.22701e-12,6.643
1.22719e-12,6.644
1.22736e-12,6.645
1.22753e-12,6.646
1.22771e-12,6.647
1.22788e-12,6.648
1.22806e-12,6.649
1.22823e-12,6.65
1.2284e-12,6.651
1.22857e-12,6.652
1.22875e-12,6.653
1.22893e-12,6.654
1.2291e-12,6.655
1.22928e-12,6.656
1.22945e-12,6.657
1.22962e-12,6.658
1.22979e-12,6.659
1.22996e-12,6.66
1.23013e-12,6.661
1.2303e-12,6.662
1.23047e-12,6.663
1.23064e-12,6.664
1.2308e-12,6.665
1.23097e-12,6.666
1.23113e-12,6.667
1.23129e-12,6.668
1.23146e-12,6.669
1.23163e-12,6.67
1.23181e-12,6.671
1.23198e-12,6.672
1.23216e-12,6.673
1.23233e-12,6.674
1.2325e-12,6.675
1.23267e-12,6.676
1.23285e-12,6.677
1.23302e-12,6.678
1.2332e-12,6.679
1.23338e-12,6.68
1.23356e-12,6.681
1.23374e-12,6.682
1.23391e-12,6.683
1.23409e-12,6.684
1.23427e-12,6.685
1.23445e-12,6.686
1.23463e-12,6.687
1.23481e-12,6.688
1.23499e-12,6.689
1.23518e-12,6.69
1.23535e-12,6.691
1.23553e-12,6.692
1.23572e-12,6.693
1.23589e-12,6.694
1.23607e-12,6.695
1.23624e-12,6.696
1.23642e-12,6.697
1.2366e-12,6.698
1.23678e-12,6.699
1.23697e-12,6.7
1.23715e-12,6.701
1.23733e-12,6.702
1.23752e-12,6.703
1.23771e-12,6.704
1.2379e-12,6.705
1.23808e-12,6.706
1.23827e-12,6.707
1.23846e-12,6.708
1.23863e-12,6.709
1.23881e-12,6.71
1.23899e-12,6.711
1.23917e-12,6.712
1.23936e-12,6.713
1.23954e-12,6.714
1.23971e-12,6.715
1.23988e-12,6.716
1.24005e-12,6.717
1.24022e-12,6.718
1.24039e-12,6.719
1.24056e-12,6.72
1.24073e-12,6.721
1.24091e-12,6.722
1.24108e-12,6.723
1.24126e-12,6.724
1.24144e-12,6.725
1.24161e-12,6.726
1.24179e-12,6.727
1.24197e-12,6.728
1.24215e-12,6.729
1.24233e-12,6.73
1.24252e-12,6.731
1.2427e-12,6.732
1.24288e-12,6.733
1.24306e-12,6.734
1.24324e-12,6.735
1.24341e-12,6.736
1.24359e-12,6.737
1.24377e-12,6.738
1.24395e-12,6.739
1.24413e-12,6.74
1.2443e-12,6.741
1.24449e-12,6.742
1.24467e-12,6.743
1.24486e-12,6.744
1.24505e-12,6.745
1.24524e-12,6.746
1.24543e-12,6.747
1.24562e-12,6.748
1.24581e-12,6.749
1.24599e-12,6.75
1.24618e-12,6.751
1.24637e-12,6.752
1.24657e-12,6.753
1.24676e-12,6.754
1.24695e-12,6.755
1.24714e-12,6.756
1.24733e-12,6.757
1.24753e-12,6.758
1.24772e-12,6.759
1.24791e-12,6.76
1.2481e-12,6.761
1.24829e-12,6.762
1.24848e-12,6.763
1.24868e-12,6.764
1.24887e-12,6.765
1.24906e-12,6.766
1.24924e-12,6.767
1.24943e-12,6.768
1.24961e-12,6.769
1.2498e-12,6.77
1.24999e-12,6.771
1.25018e-12,6.772
1.25037e-12,6.773
1.25056e-12,6.774
1.25074e-12,6.775
1.25093e-12,6.776
1.25111e-12,6.777
1.25129e-12,6.778
1.25146e-12,6.779
1.25163e-12,6.78
1.2518e-12,6.781
1.25197e-12,6.782
1.25214e-12,6.783
1.2523e-12,6.784
1.25247e-12,6.785
1.25264e-12,6.786
1.25281e-12,6.787
1.25298e-12,6.788
1.25315e-12,6.789
1.25331e-12,6.79
1.25348e-12,6.791
1.25365e-12,6.792
1.25382e-12,6.793
1.254e-12,6.794
1.25417e-12,6.795
1.25436e-12,6.796
1.25454e-12,6.797
1.25472e-12,6.798
1.25491e-12,6.799
1.25509e-12,6.8
1.25527e-12,6.801
1.25544e-12,6.802
1.25563e-12,6.803
1.25581e-12,6.804
1.25599e-12,6.805
1.25618e-12,6.806
1.25636e-12,6.807
1.25655e-12,6.808
1.25674e-12,6.809
1.25692e-12,6.81
1.2571e-12,6.811
1.25728e-12,6.812
1.25746e-12,6.813
1.25763e-12,6.814
1.25781e-12,6.815
1.25799e-12,6.816
1.25818e-12,6.817
1.25836e-12,6.818
1.25855e-12,6.819
1.25873e-12,6.82
1.25891e-12,6.821
1.25909e-12,6.822
1.25928e-12,6.823
1.25946e-12,6.824
1.25964e-12,6.825
1.25982e-12,6.826
1.25999e-12,6.827
1.26016e-12,6.828
1.26033e-12,6.829
1.26051e-12,6.83
1.26068e-12,6.831
1.26084e-12,6.832
1.26101e-12,6.833
1.26118e-12,6.834
1.26135e-12,6.835
1.26151e-12,6.836
1.26168e-12,6.837
1.26184e-12,6.838
1.26201e-12,6.839
1.26217e-12,6.84
1.26234e-12,6.841
1.26251e-12,6.842
1.26268e-12,6.843
1.26285e-12,6.844
1.26303e-12,6.845
1.2632e-12,6.846
1.26337e-12,6.847
1.26355e-12,6.848
1.26372e-12,6.849
1.26389e-12,6.85
1.26406e-12,6.851
1.26423e-12,6.852
1.2644e-12,6.853
1.26456e-12,6.854
1.26473e-12,6.855
1.2649e-12,6.856
1.26506e-12,6.857
1.26523e-12,6.858
1.26539e-12,6.859
1.26555e-12,6.86
1.26571e-12,6.861
1.26588e-12,6.862
1.26604e-12,6.863
1.26621e-12,6.864
1.26637e-12,6.865
1.26653e-12,6.866
1.26668e-12,6.867
1.26684e-12,6.868
1.267e-12,6.869
1.26716e-12,6.87
1.26731e-12,6.871
1.26747e-12,6.872
1.26763e-12,6.873
1.26778e-12,6.874
1.26794e-12,6.875
1.26809e-12,6.876
1.26824e-12,6.877
1.26839e-12,6.878
1.26854e-12,6.879
1.26869e-12,6.88
1.26883e-12,6.881
1.26898e-12,6.882
1.26912e-12,6.883
1.26926e-12,6.884
1.26941e-12,6.885
1.26956e-12,6.886
1.26971e-12,6.887
1.26986e-12,6.888
1.27002e-12,6.889
1.27017e-12,6.89
1.27033e-12,6.891
1.27048e-12,6.892
1.27063e-12,6.893
1.27078e-12,6.894
1.27093e-12,6.895
1.27108e-12,6.896
1.27123e-12,6.897
1.27138e-12,6.898
1.27153e-12,6.899
1.27168e-12,6.9
1.27183e-12,6.901
1.27198e-12,6.902
1.27214e-12,6.903
1.27229e-12,6.904
1.27245e-12,6.905
1.2726e-12,6.906
1.27276e-12,6.907
1.27291e-12,6.908
1.27307e-12,6.909
1.27323e-12,6.91
1.27338e-12,6.911
1.27353e-12,6.912
1.27368e-12,6.913
1.27382e-12,6.914
1.27398e-12,6.915
1.27413e-12,6.916
1.27428e-12,6.917
1.27443e-12,6.918
1.27459e-12,6.919
1.27474e-12,6.92
1.2749e-12,6.921
1.27505e-12,6.922
1.2752e-12,6.923
1.27535e-12,6.924
1.2755e-12,6.925
1.27564e-12,6.926
1.2758e-12,6.927
1.27595e-12,6.928
1.27611e-12,6.929
1.27627e-12,6.93
1.27642e-12,6.931
1.27658e-12,6.932
1.27673e-12,6.933
1.27688e-12,6.934
1.27703e-12,6.935
1.27718e-12,6.936
1.27733e-12,6.937
1.27748e-12,6.938
1.27763e-12,6.939
1.27778e-12,6.94
1.27793e-12,6.941
1.27808e-12,6.942
1.27824e-12,6.943
1.27839e-12,6.944
1.27855e-12,6.945
1.27872e-12,6.946
1.27888e-12,6.947
1.27904e-12,6.948
1.2792e-12,6.949
1.27937e-12,6.95
1.27953e-12,6.951
1.27969e-12,6.952
1.27986e-12,6.953
1.28002e-12,6.954
1.28018e-12,6.955
1.28035e-12,6.956
1.28051e-12,6.957
1.28068e-12,6.958
1.28084e-12,6.959
1.281e-12,6.96
1.28117e-12,6.961
1.28133e-12,6.962
1.28149e-12,6.963
1.28166e-12,6.964
1.28182e-12,6.965
1.28199e-12,6.966
1.28215e-12,6.967
1.28232e-12,6.968
1.28249e-12,6.969
1.28265e-12,6.97
1.28281e-12,6.971
1.28297e-12,6.972
1.28314e-12,6.973
1.2833e-12,6.974
1.28346e-12,6.975
1.28362e-12,6.976
1.28379e-12,6.977
1.28395e-12,6.978
1.28412e-12,6.979
1.28429e-12,6.98
1.28445e-12,6.981
1.28462e-12,6.982
1.28478e-12,6.983
1.28495e-12,6.984
1.28512e-12,6.985
1.28529e-12,6.986
1.28546e-12,6.987
1.28563e-12,6.988
1.28581e-12,6.989
1.28598e-12,6.99
1.28614e-12,6.991
1.2863e-12,6.992
1.28646e-12,6.993
1.28663e-12,6.994
1.28679e-12,6.995
1.28696e-12,6.996
1.28711e-12,6.997
1.28727e-12,6.998
1.28743e-12,6.999
1.28758e-12,7
1.28774e-12,7.001
1.2879e-12,7.002
1.28805e-12,7.003
1.2882e-12,7.004
1.28836e-12,7.005
1.28851e-12,7.006
1.28866e-12,7.007
1.28881e-12,7.008
1.28895e-12,7.009
1.2891e-12,7.01
1.28926e-12,7.011
1.28941e-12,7.012
1.28955e-12,7.013
1.2897e-12,7.014
1.28985e-12,7.015
1.29e-12,7.016
1.29014e-12,7.017
1.29029e-12,7.018
1.29044e-12,7.019
1.29059e-12,7.02
1.29074e-12,7.021
1.29089e-12,7.022
1.29104e-12,7.023
1.29118e-12,7.024
1.29133e-12,7.025
1.29147e-12,7.026
1.29162e-12,7.027
1.29177e-12,7.028
1.29191e-12,7.029
1.29206e-12,7.03
1.29221e-12,7.031
1.29235e-12,7.032
1.29249e-12,7.033
1.29264e-12,7.034
1.29278e-12,7.035
1.29292e-12,7.036
1.29307e-12,7.037
1.29321e-12,7.038
1.29335e-12,7.039
1.29349e-12,7.04
1.29364e-12,7.041
1.29379e-12,7.042
1.29395e-12,7.043
1.2941e-12,7.044
1.29426e-12,7.045
1.29441e-12,7.046
1.29457e-12,7.047
1.29473e-12,7.048
1.29489e-12,7.049
1.29505e-12,7.05
1.2952e-12,7.051
1.29536e-12,7.052
1.29551e-12,7.053
1.29567e-12,7.054
1.29583e-12,7.055
1.296e-12,7.056
1.29616e-12,7.057
1.29633e-12,7.058
1.2965e-12,7.059
1.29667e-12,7.06
1.29685e-12,7.061
1.29703e-12,7.062
1.2972e-12,7.063
1.29738e-12,7.064
1.29756e-12,7.065
1.29774e-12,7.066
1.29791e-12,7.067
1.29809e-12,7.068
1.29827e-12,7.069
1.29844e-12,7.07
1.29862e-12,7.071
1.2988e-12,7.072
1.29898e-12,7.073
1.29916e-12,7.074
1.29933e-12,7.075
1.29951e-12,7.076
1.29968e-12,7.077
1.29985e-12,7.078
1.30002e-12,7.079
1.3002e-12,7.08
1.30037e-12,7.081
1.30054e-12,7.082
1.30071e-12,7.083
1.30088e-12,7.084
1.30106e-12,7.085
1.30124e-12,7.086
1.30142e-12,7.087
1.30161e-12,7.088
1.3018e-12,7.089
1.30198e-12,7.09
1.30217e-12,7.091
1.30235e-12,7.092
1.30255e-12,7.093
1.30274e-12,7.094
1.30293e-12,7.095
1.30312e-12,7.096
1.30332e-12,7.097
1.30351e-12,7.098
1.30371e-12,7.099
1.3039e-12,7.1
1.30409e-12,7.101
1.30429e-12,7.102
1.30449e-12,7.103
1.30469e-12,7.104
1.30489e-12,7.105
1.30509e-12,7.106
1.30529e-12,7.107
1.30549e-12,7.108
1.30569e-12,7.109
1.30587e-12,7.11
1.30606e-12,7.111
1.30624e-12,7.112
1.30642e-12,7.113
1.3066e-12,7.114
1.30678e-12,7.115
1.30696e-12,7.116
1.30714e-12,7.117
1.30733e-12,7.118
1.30751e-12,7.119
1.3077e-12,7.12
1.30788e-12,7.121
1.30807e-12,7.122
1.30827e-12,7.123
1.30846e-12,7.124
1.30866e-12,7.125
1.30885e-12,7.126
1.30905e-12,7.127
1.30923e-12,7.128
1.30941e-12,7.129
1.3096e-12,7.13
1.30979e-12,7.131
1.30997e-12,7.132
1.31016e-12,7.133
1.31034e-12,7.134
1.31053e-12,7.135
1.31071e-12,7.136
1.31089e-12,7.137
1.31107e-12,7.138
1.31126e-12,7.139
1.31144e-12,7.14
1.31163e-12,7.141
1.31181e-12,7.142
1.31199e-12,7.143
1.31217e-12,7.144
1.31235e-12,7.145
1.31254e-12,7.146
1.31273e-12,7.147
1.31291e-12,7.148
1.3131e-12,7.149
1.31329e-12,7.15
1.31347e-12,7.151
1.31365e-12,7.152
1.31383e-12,7.153
1.31401e-12,7.154
1.31419e-12,7.155
1.31436e-12,7.156
1.31454e-12,7.157
1.31471e-12,7.158
1.31489e-12,7.159
1.31506e-12,7.16
1.31524e-12,7.161
1.31542e-12,7.162
1.3156e-12,7.163
1.31578e-12,7.164
1.31596e-12,7.165
1.31615e-12,7.166
1.31633e-12,7.167
1.31652e-12,7.168
1.3167e-12,7.169
1.31689e-12,7.17
1.31707e-12,7.171
1.31725e-12,7.172
1.31743e-12,7.173
1.31762e-12,7.174
1.3178e-12,7.175
1.31799e-12,7.176
1.31818e-12,7.177
1.31836e-12,7.178
1.31855e-12,7.179
1.31873e-12,7.18
1.31891e-12,7.181
1.31909e-12,7.182
1.31927e-12,7.183
1.31945e-12,7.184
1.31962e-12,7.185
1.3198e-12,7.186
1.31997e-12,7.187
1.32014e-12,7.188
1.32031e-12,7.189
1.32048e-12,7.19
1.32065e-12,7.191
1.32082e-12,7.192
1.321e-12,7.193
1.32118e-12,7.194
1.32136e-12,7.195
1.32153e-12,7.196
1.32171e-12,7.197
1.32189e-12,7.198
1.32207e-12,7.199
1.32225e-12,7.2
1.32244e-12,7.201
1.32262e-12,7.202
1.3228e-12,7.203
1.32298e-12,7.204
1.32316e-12,7.205
1.32335e-12,7.206
1.32353e-12,7.207
1.3237e-12,7.208
1.32387e-12,7.209
1.32404e-12,7.21
1.32422e-12,7.211
1.32439e-12,7.212
1.32457e-12,7.213
1.32474e-12,7.214
1.32492e-12,7.215
1.32509e-12,7.216
1.32526e-12,7.217
1.32544e-12,7.218
1.32561e-12,7.219
1.32579e-12,7.22
1.32597e-12,7.221
1.32615e-12,7.222
1.32633e-12,7.223
1.32651e-12,7.224
1.32669e-12,7.225
1.32686e-12,7.226
1.32704e-12,7.227
1.32722e-12,7.228
1.3274e-12,7.229
1.32758e-12,7.23
1.32776e-12,7.231
1.32794e-12,7.232
1.32811e-12,7.233
1.32829e-12,7.234
1.32847e-12,7.235
1.32865e-12,7.236
1.32883e-12,7.237
1.32901e-12,7.238
1.32919e-12,7.239
1.32937e-12,7.24
1.32955e-12,7.241
1.32972e-12,7.242
1.32989e-12,7.243
1.33006e-12,7.244
1.33023e-12,7.245
1.3304e-12,7.246
1.33057e-12,7.247
1.33073e-12,7.248
1.33089e-12,7.249
1.33106e-12,7.25
1.33123e-12,7.251
1.3314e-12,7.252
1.33158e-12,7.253
1.33176e-12,7.254
1.33194e-12,7.255
1.33212e-12,7.256
1.3323e-12,7.257
1.33248e-12,7.258
1.33265e-12,7.259
1.33283e-12,7.26
1.333e-12,7.261
1.33317e-12,7.262
1.33335e-12,7.263
1.33352e-12,7.264
1.33369e-12,7.265
1.33386e-12,7.266
1.33404e-12,7.267
1.33421e-12,7.268
1.33439e-12,7.269
1.33457e-12,7.27
1.33475e-12,7.271
1.33492e-12,7.272
1.3351e-12,7.273
1.33527e-12,7.274
1.33544e-12,7.275
1.33562e-12,7.276
1.33579e-12,7.277
1.33596e-12,7.278
1.33613e-12,7.279
1.33631e-12,7.28
1.33648e-12,7.281
1.33665e-12,7.282
1.33682e-12,7.283
1.33699e-12,7.284
1.33715e-12,7.285
1.33731e-12,7.286
1.33747e-12,7.287
1.33763e-12,7.288
1.33778e-12,7.289
1.33793e-12,7.29
1.33809e-12,7.291
1.33824e-12,7.292
1.33839e-12,7.293
1.33855e-12,7.294
1.3387e-12,7.295
1.33885e-12,7.296
1.339e-12,7.297
1.33914e-12,7.298
1.33929e-12,7.299
1.33943e-12,7.3
1.33958e-12,7.301
1.33973e-12,7.302
1.33988e-12,7.303
1.34003e-12,7.304
1.34018e-12,7.305
1.34033e-12,7.306
1.34048e-12,7.307
1.34063e-12,7.308
1.34078e-12,7.309
1.34093e-12,7.31
1.34109e-12,7.311
1.34125e-12,7.312
1.34141e-12,7.313
1.34157e-12,7.314
1.34173e-12,7.315
1.34189e-12,7.316
1.34206e-12,7.317
1.34222e-12,7.318
1.34238e-12,7.319
1.34255e-12,7.32
1.34271e-12,7.321
1.34288e-12,7.322
1.34304e-12,7.323
1.34321e-12,7.324
1.34337e-12,7.325
1.34353e-12,7.326
1.34369e-12,7.327
1.34385e-12,7.328
1.34401e-12,7.329
1.34418e-12,7.33
1.34434e-12,7.331
1.3445e-12,7.332
1.34465e-12,7.333
1.34481e-12,7.334
1.34497e-12,7.335
1.34512e-12,7.336
1.34528e-12,7.337
1.34544e-12,7.338
1.3456e-12,7.339
1.34577e-12,7.34
1.34592e-12,7.341
1.34609e-12,7.342
1.34625e-12,7.343
1.34641e-12,7.344
1.34657e-12,7.345
1.34673e-12,7.346
1.3469e-12,7.347
1.34706e-12,7.348
1.34722e-12,7.349
1.34739e-12,7.35
1.34755e-12,7.351
1.34772e-12,7.352
1.34789e-12,7.353
1.34807e-12,7.354
1.34825e-12,7.355
1.34842e-12,7.356
1.3486e-12,7.357
1.34878e-12,7.358
1.34896e-12,7.359
1.34915e-12,7.36
1.34933e-12,7.361
1.34951e-12,7.362
1.3497e-12,7.363
1.34988e-12,7.364
1.35007e-12,7.365
1.35025e-12,7.366
1.35043e-12,7.367
1.35062e-12,7.368
1.35081e-12,7.369
1.351e-12,7.37
1.35119e-12,7.371
1.35138e-12,7.372
1.35156e-12,7.373
1.35175e-12,7.374
1.35194e-12,7.375
1.35213e-12,7.376
1.35232e-12,7.377
1.35251e-12,7.378
1.35269e-12,7.379
1.35289e-12,7.38
1.35308e-12,7.381
1.35327e-12,7.382
1.35346e-12,7.383
1.35365e-12,7.384
1.35384e-12,7.385
1.35403e-12,7.386
1.35422e-12,7.387
1.3544e-12,7.388
1.35459e-12,7.389
1.35477e-12,7.39
1.35496e-12,7.391
1.35515e-12,7.392
1.35534e-12,7.393
1.35553e-12,7.394
1.35572e-12,7.395
1.35591e-12,7.396
1.3561e-12,7.397
1.3563e-12,7.398
1.3565e-12,7.399
1.35669e-12,7.4
1.35688e-12,7.401
1.35707e-12,7.402
1.35726e-12,7.403
1.35745e-12,7.404
1.35764e-12,7.405
1.35783e-12,7.406
1.35802e-12,7.407
1.35821e-12,7.408
1.3584e-12,7.409
1.35859e-12,7.41
1.35879e-12,7.411
1.35898e-12,7.412
1.35917e-12,7.413
1.35936e-12,7.414
1.35955e-12,7.415
1.35974e-12,7.416
1.35993e-12,7.417
1.36012e-12,7.418
1.3603e-12,7.419
1.36048e-12,7.42
1.36066e-12,7.421
1.36084e-12,7.422
1.36102e-12,7.423
1.3612e-12,7.424
1.36137e-12,7.425
1.36155e-12,7.426
1.36172e-12,7.427
1.3619e-12,7.428
1.36207e-12,7.429
1.36225e-12,7.43
1.36242e-12,7.431
1.3626e-12,7.432
1.36278e-12,7.433
1.36296e-12,7.434
1.36313e-12,7.435
1.3633e-12,7.436
1.36347e-12,7.437
1.36365e-12,7.438
1.36383e-12,7.439
1.36401e-12,7.44
1.36418e-12,7.441
1.36436e-12,7.442
1.36453e-12,7.443
1.36471e-12,7.444
1.36488e-12,7.445
1.36506e-12,7.446
1.36524e-12,7.447
1.36542e-12,7.448
1.36561e-12,7.449
1.36579e-12,7.45
1.36597e-12,7.451
1.36616e-12,7.452
1.36635e-12,7.453
1.36653e-12,7.454
1.36672e-12,7.455
1.36691e-12,7.456
1.36709e-12,7.457
1.36728e-12,7.458
1.36747e-12,7.459
1.36766e-12,7.46
1.36784e-12,7.461
1.36803e-12,7.462
1.36821e-12,7.463
1.3684e-12,7.464
1.36858e-12,7.465
1.36877e-12,7.466
1.36896e-12,7.467
1.36914e-12,7.468
1.36933e-12,7.469
1.36951e-12,7.47
1.3697e-12,7.471
1.36989e-12,7.472
1.37007e-12,7.473
1.37026e-12,7.474
1.37045e-12,7.475
1.37064e-12,7.476
1.37082e-12,7.477
1.37101e-12,7.478
1.3712e-12,7.479
1.37139e-12,7.48
1.37158e-12,7.481
1.37177e-12,7.482
1.37195e-12,7.483
1.37214e-12,7.484
1.37234e-12,7.485
1.37252e-12,7.486
1.37271e-12,7.487
1.37291e-12,7.488
1.37309e-12,7.489
1.37328e-12,7.49
1.37347e-12,7.491
1.37365e-12,7.492
1.37383e-12,7.493
1.37401e-12,7.494
1.3742e-12,7.495
1.37438e-12,7.496
1.37457e-12,7.497
1.37475e-12,7.498
1.37493e-12,7.499
1.37511e-12,7.5
1.3753e-12,7.501
1.37549e-12,7.502
1.37568e-12,7.503
1.37586e-12,7.504
1.37604e-12,7.505
1.37622e-12,7.506
1.3764e-12,7.507
1.37657e-12,7.508
1.37674e-12,7.509
1.37692e-12,7.51
1.37709e-12,7.511
1.37726e-12,7.512
1.37743e-12,7.513
1.3776e-12,7.514
1.37777e-12,7.515
1.37795e-12,7.516
1.37812e-12,7.517
1.37829e-12,7.518
1.37846e-12,7.519
1.37863e-12,7.52
1.37881e-12,7.521
1.37898e-12,7.522
1.37915e-12,7.523
1.37933e-12,7.524
1.3795e-12,7.525
1.37968e-12,7.526
1.37985e-12,7.527
1.38002e-12,7.528
1.3802e-12,7.529
1.38037e-12,7.53
1.38055e-12,7.531
1.38072e-12,7.532
1.3809e-12,7.533
1.38107e-12,7.534
1.38124e-12,7.535
1.38141e-12,7.536
1.38158e-12,7.537
1.38175e-12,7.538
1.38192e-12,7.539
1.38209e-12,7.54
1.38225e-12,7.541
1.38242e-12,7.542
1.38258e-12,7.543
1.38275e-12,7.544
1.38291e-12,7.545
1.38307e-12,7.546
1.38324e-12,7.547
1.38341e-12,7.548
1.38358e-12,7.549
1.38374e-12,7.55
1.38391e-12,7.551
1.38407e-12,7.552
1.38423e-12,7.553
1.38439e-12,7.554
1.38456e-12,7.555
1.38472e-12,7.556
1.38489e-12,7.557
1.38506e-12,7.558
1.38523e-12,7.559
1.3854e-12,7.56
1.38557e-12,7.561
1.38574e-12,7.562
1.38592e-12,7.563
1.3861e-12,7.564
1.38627e-12,7.565
1.38644e-12,7.566
1.3866e-12,7.567
1.38676e-12,7.568
1.38692e-12,7.569
1.38709e-12,7.57
1.38725e-12,7.571
1.38741e-12,7.572
1.38757e-12,7.573
1.38773e-12,7.574
1.3879e-12,7.575
1.38806e-12,7.576
1.38823e-12,7.577
1.3884e-12,7.578
1.38856e-12,7.579
1.38873e-12,7.58
1.3889e-12,7.581
1.38907e-12,7.582
1.38924e-12,7.583
1.38942e-12,7.584
1.38959e-12,7.585
1.38976e-12,7.586
1.38994e-12,7.587
1.39012e-12,7.588
1.3903e-12,7.589
1.39049e-12,7.59
1.39067e-12,7.591
1.39086e-12,7.592
1.39104e-12,7.593
1.39122e-12,7.594
1.3914e-12,7.595
1.39158e-12,7.596
1.39175e-12,7.597
1.39192e-12,7.598
1.3921e-12,7.599
1.39227e-12,7.6
1.39244e-12,7.601
1.39261e-12,7.602
1.39278e-12,7.603
1.39295e-12,7.604
1.39312e-12,7.605
1.39328e-12,7.606
1.39345e-12,7.607
1.39362e-12,7.608
1.39378e-12,7.609
1.39395e-12,7.61
1.39412e-12,7.611
1.39429e-12,7.612
1.39446e-12,7.613
1.39462e-12,7.614
1.39479e-12,7.615
1.39496e-12,7.616
1.39512e-12,7.617
1.39528e-12,7.618
1.39544e-12,7.619
1.3956e-12,7.62
1.39576e-12,7.621
1.39592e-12,7.622
1.39608e-12,7.623
1.39625e-12,7.624
1.3964e-12,7.625
1.39656e-12,7.626
1.39672e-12,7.627
1.39688e-12,7.628
1.39704e-12,7.629
1.39719e-12,7.63
1.39734e-12,7.631
1.39749e-12,7.632
1.39764e-12,7.633
1.39779e-12,7.634
1.39793e-12,7.635
1.39808e-12,7.636
1.39823e-12,7.637
1.39839e-12,7.638
1.39854e-12,7.639
1.39869e-12,7.64
1.39884e-12,7.641
1.399e-12,7.642
1.39916e-12,7.643
1.39932e-12,7.644
1.39948e-12,7.645
1.39963e-12,7.646
1.39979e-12,7.647
1.39994e-12,7.648
1.4001e-12,7.649
1.40025e-12,7.65
1.40041e-12,7.651
1.40057e-12,7.652
1.40073e-12,7.653
1.40089e-12,7.654
1.40104e-12,7.655
1.40119e-12,7.656
1.40134e-12,7.657
1.4015e-12,7.658
1.40165e-12,7.659
1.4018e-12,7.66
1.40196e-12,7.661
1.40211e-12,7.662
1.40226e-12,7.663
1.40242e-12,7.664
1.40257e-12,7.665
1.40272e-12,7.666
1.40287e-12,7.667
1.40303e-12,7.668
1.40318e-12,7.669
1.40334e-12,7.67
1.40349e-12,7.671
1.40364e-12,7.672
1.40379e-12,7.673
1.40393e-12,7.674
1.40407e-12,7.675
1.40421e-12,7.676
1.40434e-12,7.677
1.40448e-12,7.678
1.40462e-12,7.679
1.40475e-12,7.68
1.40489e-12,7.681
1.40504e-12,7.682
1.40517e-12,7.683
1.40531e-12,7.684
1.40545e-12,7.685
1.40558e-12,7.686
1.40572e-12,7.687
1.40587e-12,7.688
1.40602e-12,7.689
1.40617e-12,7.69
1.40632e-12,7.691
1.40648e-12,7.692
1.40664e-12,7.693
1.4068e-12,7.694
1.40695e-12,7.695
1.40711e-12,7.696
1.40727e-12,7.697
1.40744e-12,7.698
1.4076e-12,7.699
1.40776e-12,7.7
1.40793e-12,7.701
1.40809e-12,7.702
1.40825e-12,7.703
1.40843e-12,7.704
1.4086e-12,7.705
1.40876e-12,7.706
1.40893e-12,7.707
1.40911e-12,7.708
1.40928e-12,7.709
1.40945e-12,7.71
1.40963e-12,7.711
1.4098e-12,7.712
1.40998e-12,7.713
1.41016e-12,7.714
1.41033e-12,7.715
1.41051e-12,7.716
1.41069e-12,7.717
1.41087e-12,7.718
1.41105e-12,7.719
1.41123e-12,7.72
1.41142e-12,7.721
1.4116e-12,7.722
1.41179e-12,7.723
1.41197e-12,7.724
1.41215e-12,7.725
1.41233e-12,7.726
1.41251e-12,7.727
1.41269e-12,7.728
1.41287e-12,7.729
1.41305e-12,7.73
1.41324e-12,7.731
1.41343e-12,7.732
1.41361e-12,7.733
1.41379e-12,7.734
1.41398e-12,7.735
1.41416e-12,7.736
1.41434e-12,7.737
1.41452e-12,7.738
1.4147e-12,7.739
1.41488e-12,7.74
1.41505e-12,7.741
1.41522e-12,7.742
1.41539e-12,7.743
1.41555e-12,7.744
1.41571e-12,7.745
1.41587e-12,7.746
1.41604e-12,7.747
1.4162e-12,7.748
1.41637e-12,7.749
1.41655e-12,7.75
1.41672e-12,7.751
1.41689e-12,7.752
1.41706e-12,7.753
1.41724e-12,7.754
1.41741e-12,7.755
1.41759e-12,7.756
1.41776e-12,7.757
1.41794e-12,7.758
1.41812e-12,7.759
1.4183e-12,7.76
1.41849e-12,7.761
1.41866e-12,7.762
1.41885e-12,7.763
1.41903e-12,7.764
1.41921e-12,7.765
1.41939e-12,7.766
1.41957e-12,7.767
1.41975e-12,7.768
1.41992e-12,7.769
1.4201e-12,7.77
1.42029e-12,7.771
1.42047e-12,7.772
1.42065e-12,7.773
1.42084e-12,7.774
1.42103e-12,7.775
1.42122e-12,7.776
1.4214e-12,7.777
1.42159e-12,7.778
1.42177e-12,7.779
1.42196e-12,7.78
1.42214e-12,7.781
1.42231e-12,7.782
1.42249e-12,7.783
1.42266e-12,7.784
1.42284e-12,7.785
1.42301e-12,7.786
1.42318e-12,7.787
1.42336e-12,7.788
1.42353e-12,7.789
1.42371e-12,7.79
1.4239e-12,7.791
1.42407e-12,7.792
1.42425e-12,7.793
1.42443e-12,7.794
1.4246e-12,7.795
1.42477e-12,7.796
1.42495e-12,7.797
1.42512e-12,7.798
1.4253e-12,7.799
1.42548e-12,7.8
1.42566e-12,7.801
1.42584e-12,7.802
1.42603e-12,7.803
1.42621e-12,7.804
1.4264e-12,7.805
1.42659e-12,7.806
1.42678e-12,7.807
1.42696e-12,7.808
1.42715e-12,7.809
1.42734e-12,7.81
1.42753e-12,7.811
1.42772e-12,7.812
1.42791e-12,7.813
1.42809e-12,7.814
1.42828e-12,7.815
1.42846e-12,7.816
1.42864e-12,7.817
1.42882e-12,7.818
1.429e-12,7.819
1.42918e-12,7.82
1.42936e-12,7.821
1.42954e-12,7.822
1.42973e-12,7.823
1.42991e-12,7.824
1.43009e-12,7.825
1.43028e-12,7.826
1.43046e-12,7.827
1.43064e-12,7.828
1.43082e-12,7.829
1.43101e-12,7.83
1.43119e-12,7.831
1.43137e-12,7.832
1.43156e-12,7.833
1.43174e-12,7.834
1.43192e-12,7.835
1.4321e-12,7.836
1.43227e-12,7.837
1.43244e-12,7.838
1.43261e-12,7.839
1.43278e-12,7.84
1.43295e-12,7.841
1.43311e-12,7.842
1.43328e-12,7.843
1.43344e-12,7.844
1.43361e-12,7.845
1.43377e-12,7.846
1.43395e-12,7.847
1.43412e-12,7.848
1.4343e-12,7.849
1.43448e-12,7.85
1.43466e-12,7.851
1.43484e-12,7.852
1.43502e-12,7.853
1.43521e-12,7.854
1.43539e-12,7.855
1.43557e-12,7.856
1.43576e-12,7.857
1.43594e-12,7.858
1.43612e-12,7.859
1.4363e-12,7.86
1.43648e-12,7.861
1.43666e-12,7.862
1.43683e-12,7.863
1.43701e-12,7.864
1.43719e-12,7.865
1.43736e-12,7.866
1.43754e-12,7.867
1.43771e-12,7.868
1.43788e-12,7.869
1.43804e-12,7.87
1.43821e-12,7.871
1.43837e-12,7.872
1.43854e-12,7.873
1.4387e-12,7.874
1.43887e-12,7.875
1.43905e-12,7.876
1.43922e-12,7.877
1.43939e-12,7.878
1.43956e-12,7.879
1.43973e-12,7.88
1.43989e-12,7.881
1.44006e-12,7.882
1.44023e-12,7.883
1.4404e-12,7.884
1.44057e-12,7.885
1.44074e-12,7.886
1.44092e-12,7.887
1.44109e-12,7.888
1.44126e-12,7.889
1.44143e-12,7.89
1.44159e-12,7.891
1.44175e-12,7.892
1.44191e-12,7.893
1.44207e-12,7.894
1.44224e-12,7.895
1.4424e-12,7.896
1.44257e-12,7.897
1.44273e-12,7.898
1.44289e-12,7.899
1.44305e-12,7.9
1.44321e-12,7.901
1.44338e-12,7.902
1.44355e-12,7.903
1.44371e-12,7.904
1.44387e-12,7.905
1.44403e-12,7.906
1.44419e-12,7.907
1.44435e-12,7.908
1.44451e-12,7.909
1.44467e-12,7.91
1.44483e-12,7.911
1.445e-12,7.912
1.44516e-12,7.913
1.44533e-12,7.914
1.44549e-12,7.915
1.44565e-12,7.916
1.44581e-12,7.917
1.44598e-12,7.918
1.44614e-12,7.919
1.44631e-12,7.92
1.44647e-12,7.921
1.44664e-12,7.922
1.4468e-12,7.923
1.44696e-12,7.924
1.44712e-12,7.925
1.44728e-12,7.926
1.44744e-12,7.927
1.4476e-12,7.928
1.44775e-12,7.929
1.4479e-12,7.93
1.44806e-12,7.931
1.4482e-12,7.932
1.44835e-12,7.933
1.4485e-12,7.934
1.44865e-12,7.935
1.4488e-12,7.936
1.44895e-12,7.937
1.4491e-12,7.938
1.44925e-12,7.939
1.4494e-12,7.94
1.44955e-12,7.941
1.44971e-12,7.942
1.44986e-12,7.943
1.45001e-12,7.944
1.45017e-12,7.945
1.45032e-12,7.946
1.45048e-12,7.947
1.45065e-12,7.948
1.45081e-12,7.949
1.45097e-12,7.95
1.45114e-12,7.951
1.45132e-12,7.952
1.45149e-12,7.953
1.45166e-12,7.954
1.45184e-12,7.955
1.45201e-12,7.956
1.45218e-12,7.957
1.45235e-12,7.958
1.45253e-12,7.959
1.4527e-12,7.96
1.45287e-12,7.961
1.45305e-12,7.962
1.45323e-12,7.963
1.45341e-12,7.964
1.45359e-12,7.965
1.45376e-12,7.966
1.45394e-12,7.967
1.45411e-12,7.968
1.45428e-12,7.969
1.45445e-12,7.97
1.45463e-12,7.971
1.4548e-12,7.972
1.45497e-12,7.973
1.45514e-12,7.974
1.45531e-12,7.975
1.45548e-12,7.976
1.45565e-12,7.977
1.45581e-12,7.978
1.45597e-12,7.979
1.45614e-12,7.98
1.4563e-12,7.981
1.45646e-12,7.982
1.45663e-12,7.983
1.45679e-12,7.984
1.45696e-12,7.985
1.45714e-12,7.986
1.45731e-12,7.987
1.45749e-12,7.988
1.45767e-12,7.989
1.45785e-12,7.99
1.45803e-12,7.991
1.45821e-12,7.992
1.4584e-12,7.993
1.45858e-12,7.994
1.45877e-12,7.995
1.45896e-12,7.996
1.45914e-12,7.997
1.45933e-12,7.998
1.45951e-12,7.999
1.4597e-12,8
1.45988e-12,8.001
1.46006e-12,8.002
1.46025e-12,8.003
1.46043e-12,8.004
1.46061e-12,8.005
1.46078e-12,8.006
1.46097e-12,8.007
1.46116e-12,8.008
1.46134e-12,8.009
1.46152e-12,8.01
1.46171e-12,8.011
1.46189e-12,8.012
1.46207e-12,8.013
1.46226e-12,8.014
1.46244e-12,8.015
1.46262e-12,8.016
1.46281e-12,8.017
1.46299e-12,8.018
1.46318e-12,8.019
1.46338e-12,8.02
1.46357e-12,8.021
1.46376e-12,8.022
1.46395e-12,8.023
1.46414e-12,8.024
1.46433e-12,8.025
1.46451e-12,8.026
1.46469e-12,8.027
1.46487e-12,8.028
1.46505e-12,8.029
1.46522e-12,8.03
1.4654e-12,8.031
1.46558e-12,8.032
1.46576e-12,8.033
1.46594e-12,8.034
1.46612e-12,8.035
1.46631e-12,8.036
1.46649e-12,8.037
1.46668e-12,8.038
1.46687e-12,8.039
1.46706e-12,8.04
1.46725e-12,8.041
1.46744e-12,8.042
1.46763e-12,8.043
1.46782e-12,8.044
1.468e-12,8.045
1.4682e-12,8.046
1.46839e-12,8.047
1.46857e-12,8.048
1.46876e-12,8.049
1.46894e-12,8.05
1.46913e-12,8.051
1.46932e-12,8.052
1.46951e-12,8.053
1.4697e-12,8.054
1.46989e-12,8.055
1.47007e-12,8.056
1.47026e-12,8.057
1.47045e-12,8.058
1.47064e-12,8.059
1.47083e-12,8.06
1.47101e-12,8.061
1.4712e-12,8.062
1.47139e-12,8.063
1.47157e-12,8.064
1.47175e-12,8.065
1.47193e-12,8.066
1.47211e-12,8.067
1.47229e-12,8.068
1.47247e-12,8.069
1.47265e-12,8.07
1.47283e-12,8.071
1.47301e-12,8.072
1.47317e-12,8.073
1.47334e-12,8.074
1.47351e-12,8.075
1.47368e-12,8.076
1.47385e-12,8.077
1.47402e-12,8.078
1.4742e-12,8.079
1.47437e-12,8.08
1.47455e-12,8.081
1.47473e-12,8.082
1.47491e-12,8.083
1.47509e-12,8.084
1.47527e-12,8.085
1.47545e-12,8.086
1.47564e-12,8.087
1.47582e-12,8.088
1.47599e-12,8.089
1.47617e-12,8.09
1.47635e-12,8.091
1.47653e-12,8.092
1.4767e-12,8.093
1.47688e-12,8.094
1.47706e-12,8.095
1.47723e-12,8.096
1.47741e-12,8.097
1.47757e-12,8.098
1.47774e-12,8.099
1.47792e-12,8.1
1.47809e-12,8.101
1.47826e-12,8.102
1.47843e-12,8.103
1.47861e-12,8.104
1.47878e-12,8.105
1.47896e-12,8.106
1.47913e-12,8.107
1.4793e-12,8.108
1.47948e-12,8.109
1.47966e-12,8.11
1.47984e-12,8.111
1.48002e-12,8.112
1.48019e-12,8.113
1.48036e-12,8.114
1.48053e-12,8.115
1.48071e-12,8.116
1.48089e-12,8.117
1.48108e-12,8.118
1.48125e-12,8.119
1.48143e-12,8.12
1.4816e-12,8.121
1.48177e-12,8.122
1.48194e-12,8.123
1.48212e-12,8.124
1.48229e-12,8.125
1.48247e-12,8.126
1.48264e-12,8.127
1.48282e-12,8.128
1.483e-12,8.129
1.48318e-12,8.13
1.48336e-12,8.131
1.48354e-12,8.132
1.48371e-12,8.133
1.48389e-12,8.134
1.48407e-12,8.135
1.48425e-12,8.136
1.48443e-12,8.137
1.4846e-12,8.138
1.48477e-12,8.139
1.48496e-12,8.14
1.48514e-12,8.141
1.48533e-12,8.142
1.48552e-12,8.143
1.48571e-12,8.144
1.4859e-12,8.145
1.48609e-12,8.146
1.48627e-12,8.147
1.48647e-12,8.148
1.48666e-12,8.149
1.48684e-12,8.15
1.48703e-12,8.151
1.48722e-12,8.152
1.48741e-12,8.153
1.4876e-12,8.154
1.48779e-12,8.155
1.48799e-12,8.156
1.48819e-12,8.157
1.48838e-12,8.158
1.48859e-12,8.159
1.48879e-12,8.16
1.489e-12,8.161
1.4892e-12,8.162
1.4894e-12,8.163
1.4896e-12,8.164
1.4898e-12,8.165
1.49e-12,8.166
1.49021e-12,8.167
1.49041e-12,8.168
1.49061e-12,8.169
1.49082e-12,8.17
1.49103e-12,8.171
1.49124e-12,8.172
1.49145e-12,8.173
1.49167e-12,8.174
1.49188e-12,8.175
1.49209e-12,8.176
1.4923e-12,8.177
1.49251e-12,8.178
1.49272e-12,8.179
1.49293e-12,8.18
1.49313e-12,8.181
1.49334e-12,8.182
1.49355e-12,8.183
1.49375e-12,8.184
1.49396e-12,8.185
1.49416e-12,8.186
1.49436e-12,8.187
1.49456e-12,8.188
1.49475e-12,8.189
1.49494e-12,8.19
1.49513e-12,8.191
1.49533e-12,8.192
1.49554e-12,8.193
1.49574e-12,8.194
1.49594e-12,8.195
1.49614e-12,8.196
1.49635e-12,8.197
1.49656e-12,8.198
1.49676e-12,8.199
1.49697e-12,8.2
1.49718e-12,8.201
1.49738e-12,8.202
1.49759e-12,8.203
1.49779e-12,8.204
1.498e-12,8.205
1.4982e-12,8.206
1.49841e-12,8.207
1.49861e-12,8.208
1.49882e-12,8.209
1.49902e-12,8.21
1.49924e-12,8.211
1.49944e-12,8.212
1.49965e-12,8.213
1.49987e-12,8.214
1.50009e-12,8.215
1.5003e-12,8.216
1.50052e-12,8.217
1.50073e-12,8.218
1.50095e-12,8.219
1.50116e-12,8.22
1.50138e-12,8.221
1.5016e-12,8.222
1.50181e-12,8.223
1.50204e-12,8.224
1.50227e-12,8.225
1.50249e-12,8.226
1.50272e-12,8.227
1.50295e-12,8.228
1.50319e-12,8.229
1.50341e-12,8.23
1.50363e-12,8.231
1.50385e-12,8.232
1.50407e-12,8.233
1.50429e-12,8.234
1.5045e-12,8.235
1.50472e-12,8.236
1.50493e-12,8.237
1.50514e-12,8.238
1.50534e-12,8.239
1.50555e-12,8.24
1.50575e-12,8.241
1.50596e-12,8.242
1.50617e-12,8.243
1.50638e-12,8.244
1.50659e-12,8.245
1.5068e-12,8.246
1.50701e-12,8.247
1.50722e-12,8.248
1.50744e-12,8.249
1.50765e-12,8.25
1.50786e-12,8.251
1.50806e-12,8.252
1.50827e-12,8.253
1.50847e-12,8.254
1.50868e-12,8.255
1.50889e-12,8.256
1.5091e-12,8.257
1.50931e-12,8.258
1.50953e-12,8.259
1.50974e-12,8.26
1.50996e-12,8.261
1.51017e-12,8.262
1.51039e-12,8.263
1.51061e-12,8.264
1.51083e-12,8.265
1.51105e-12,8.266
1.51127e-12,8.267
1.51149e-12,8.268
1.51171e-12,8.269
1.51194e-12,8.27
1.51216e-12,8.271
1.51239e-12,8.272
1.51262e-12,8.273
1.51285e-12,8.274
1.51308e-12,8.275
1.51331e-12,8.276
1.51355e-12,8.277
1.51379e-12,8.278
1.51402e-12,8.279
1.51426e-12,8.28
1.51449e-12,8.281
1.51473e-12,8.282
1.51497e-12,8.283
1.51521e-12,8.284
1.51545e-12,8.285
1.51568e-12,8.286
1.51592e-12,8.287
1.51616e-12,8.288
1.51639e-12,8.289
1.51663e-12,8.29
1.51686e-12,8.291
1.5171e-12,8.292
1.51734e-12,8.293
1.51759e-12,8.294
1.51784e-12,8.295
1.5181e-12,8.296
1.51835e-12,8.297
1.5186e-12,8.298
1.51886e-12,8.299
1.51911e-12,8.3
1.51936e-12,8.301
1.51961e-12,8.302
1.51985e-12,8.303
1.5201e-12,8.304
1.52034e-12,8.305
1.52058e-12,8.306
1.52082e-12,8.307
1.52107e-12,8.308
1.52131e-12,8.309
1.52156e-12,8.31
1.52181e-12,8.311
1.52205e-12,8.312
1.52229e-12,8.313
1.52252e-12,8.314
1.52275e-12,8.315
1.52298e-12,8.316
1.52322e-12,8.317
1.52345e-12,8.318
1.52369e-12,8.319
1.52392e-12,8.32
1.52415e-12,8.321
1.52438e-12,8.322
1.52462e-12,8.323
1.52485e-12,8.324
1.52508e-12,8.325
1.52532e-12,8.326
1.52556e-12,8.327
1.52579e-12,8.328
1.52604e-12,8.329
1.52627e-12,8.33
1.52651e-12,8.331
1.52674e-12,8.332
1.52698e-12,8.333
1.52721e-12,8.334
1.52744e-12,8.335
1.52768e-12,8.336
1.52791e-12,8.337
1.52814e-12,8.338
1.52837e-12,8.339
1.5286e-12,8.34
1.52883e-12,8.341
1.52906e-12,8.342
1.52928e-12,8.343
1.52951e-12,8.344
1.52973e-12,8.345
1.52996e-12,8.346
1.53018e-12,8.347
1.53041e-12,8.348
1.53063e-12,8.349
1.53086e-12,8.35
1.53108e-12,8.351
1.53131e-12,8.352
1.53153e-12,8.353
1.53176e-12,8.354
1.53198e-12,8.355
1.53221e-12,8.356
1.53243e-12,8.357
1.53265e-12,8.358
1.53288e-12,8.359
1.53311e-12,8.36
1.53334e-12,8.361
1.53356e-12,8.362
1.53378e-12,8.363
1.534e-12,8.364
1.53422e-12,8.365
1.53444e-12,8.366
1.53467e-12,8.367
1.5349e-12,8.368
1.53513e-12,8.369
1.53535e-12,8.37
1.53557e-12,8.371
1.53579e-12,8.372
1.53601e-12,8.373
1.53623e-12,8.374
1.53645e-12,8.375
1.53666e-12,8.376
1.53687e-12,8.377
1.53708e-12,8.378
1.53728e-12,8.379
1.53749e-12,8.38
1.53769e-12,8.381
1.53789e-12,8.382
1.53809e-12,8.383
1.53828e-12,8.384
1.53848e-12,8.385
1.53869e-12,8.386
1.53889e-12,8.387
1.53909e-12,8.388
1.5393e-12,8.389
1.5395e-12,8.39
1.53971e-12,8.391
1.53991e-12,8.392
1.54011e-12,8.393
1.54031e-12,8.394
1.54052e-12,8.395
1.54072e-12,8.396
1.54092e-12,8.397
1.54111e-12,8.398
1.54131e-12,8.399
1.54151e-12,8.4
1.54171e-12,8.401
1.54191e-12,8.402
1.54212e-12,8.403
1.54232e-12,8.404
1.54253e-12,8.405
1.54273e-12,8.406
1.54294e-12,8.407
1.54315e-12,8.408
1.54336e-12,8.409
1.54356e-12,8.41
1.54377e-12,8.411
1.54398e-12,8.412
1.54419e-12,8.413
1.54439e-12,8.414
1.54459e-12,8.415
1.5448e-12,8.416
1.545e-12,8.417
1.5452e-12,8.418
1.54539e-12,8.419
1.54559e-12,8.42
1.54578e-12,8.421
1.54598e-12,8.422
1.54618e-12,8.423
1.54638e-12,8.424
1.54657e-12,8.425
1.54677e-12,8.426
1.54698e-12,8.427
1.54717e-12,8.428
1.54737e-12,8.429
1.54757e-12,8.43
1.54777e-12,8.431
1.54797e-12,8.432
1.54817e-12,8.433
1.54837e-12,8.434
1.54857e-12,8.435
1.54877e-12,8.436
1.54896e-12,8.437
1.54915e-12,8.438
1.54935e-12,8.439
1.54954e-12,8.44
1.54973e-12,8.441
1.54992e-12,8.442
1.55011e-12,8.443
1.5503e-12,8.444
1.55048e-12,8.445
1.55067e-12,8.446
1.55085e-12,8.447
1.55104e-12,8.448
1.55122e-12,8.449
1.5514e-12,8.45
1.55158e-12,8.451
1.55176e-12,8.452
1.55195e-12,8.453
1.55213e-12,8.454
1.55232e-12,8.455
1.55251e-12,8.456
1.5527e-12,8.457
1.55288e-12,8.458
1.55307e-12,8.459
1.55326e-12,8.46
1.55345e-12,8.461
1.55363e-12,8.462
1.55382e-12,8.463
1.55401e-12,8.464
1.5542e-12,8.465
1.55439e-12,8.466
1.55458e-12,8.467
1.55477e-12,8.468
1.55496e-12,8.469
1.55516e-12,8.47
1.55535e-12,8.471
1.55554e-12,8.472
1.55572e-12,8.473
1.55592e-12,8.474
1.55611e-12,8.475
1.5563e-12,8.476
1.55651e-12,8.477
1.5567e-12,8.478
1.55691e-12,8.479
1.55711e-12,8.48
1.55731e-12,8.481
1.55752e-12,8.482
1.55772e-12,8.483
1.55792e-12,8.484
1.55813e-12,8.485
1.55832e-12,8.486
1.55852e-12,8.487
1.55872e-12,8.488
1.55892e-12,8.489
1.55912e-12,8.49
1.55932e-12,8.491
1.55952e-12,8.492
1.55973e-12,8.493
1.55993e-12,8.494
1.56014e-12,8.495
1.56035e-12,8.496
1.56056e-12,8.497
1.56078e-12,8.498
1.561e-12,8.499
1.56122e-12,8.5
1.56144e-12,8.501
1.56165e-12,8.502
1.56187e-12,8.503
1.56208e-12,8.504
1.56229e-12,8.505
1.5625e-12,8.506
1.56271e-12,8.507
1.56291e-12,8.508
1.56312e-12,8.509
1.56333e-12,8.51
1.56354e-12,8.511
1.56376e-12,8.512
1.56397e-12,8.513
1.56419e-12,8.514
1.56441e-12,8.515
1.56463e-12,8.516
1.56486e-12,8.517
1.56509e-12,8.518
1.56531e-12,8.519
1.56554e-12,8.52
1.56576e-12,8.521
1.56599e-12,8.522
1.56623e-12,8.523
1.56646e-12,8.524
1.56669e-12,8.525
1.56692e-12,8.526
1.56714e-12,8.527
1.56736e-12,8.528
1.56759e-12,8.529
1.56781e-12,8.53
1.56803e-12,8.531
1.56825e-12,8.532
1.56847e-12,8.533
1.56869e-12,8.534
1.56891e-12,8.535
1.56913e-12,8.536
1.56935e-12,8.537
1.56957e-12,8.538
1.56979e-12,8.539
1.57e-12,8.54
1.57022e-12,8.541
1.57043e-12,8.542
1.57064e-12,8.543
1.57085e-12,8.544
1.57106e-12,8.545
1.57127e-12,8.546
1.57148e-12,8.547
1.57169e-12,8.548
1.5719e-12,8.549
1.57211e-12,8.55
1.57231e-12,8.551
1.57251e-12,8.552
1.57271e-12,8.553
1.57291e-12,8.554
1.57311e-12,8.555
1.57329e-12,8.556
1.57349e-12,8.557
1.57368e-12,8.558
1.57388e-12,8.559
1.57408e-12,8.56
1.57427e-12,8.561
1.57447e-12,8.562
1.57467e-12,8.563
1.57487e-12,8.564
1.57507e-12,8.565
1.57526e-12,8.566
1.57547e-12,8.567
1.57567e-12,8.568
1.57587e-12,8.569
1.57607e-12,8.57
1.57627e-12,8.571
1.57647e-12,8.572
1.57666e-12,8.573
1.57686e-12,8.574
1.57705e-12,8.575
1.57725e-12,8.576
1.57744e-12,8.577
1.57763e-12,8.578
1.57782e-12,8.579
1.57802e-12,8.58
1.57821e-12,8.581
1.57841e-12,8.582
1.5786e-12,8.583
1.57879e-12,8.584
1.57898e-12,8.585
1.57917e-12,8.586
1.57935e-12,8.587
1.57954e-12,8.588
1.57972e-12,8.589
1.57991e-12,8.59
1.5801e-12,8.591
1.58028e-12,8.592
1.58047e-12,8.593
1.58065e-12,8.594
1.58084e-12,8.595
1.58103e-12,8.596
1.58121e-12,8.597
1.5814e-12,8.598
1.58159e-12,8.599
1.58178e-12,8.6
1.58196e-12,8.601
1.58214e-12,8.602
1.58232e-12,8.603
1.58249e-12,8.604
1.58266e-12,8.605
1.58283e-12,8.606
1.583e-12,8.607
1.58317e-12,8.608
1.58334e-12,8.609
1.58351e-12,8.61
1.58367e-12,8.611
1.58384e-12,8.612
1.58401e-12,8.613
1.58417e-12,8.614
1.58433e-12,8.615
1.58449e-12,8.616
1.58465e-12,8.617
1.58481e-12,8.618
1.58496e-12,8.619
1.58512e-12,8.62
1.58527e-12,8.621
1.58543e-12,8.622
1.58559e-12,8.623
1.58575e-12,8.624
1.58592e-12,8.625
1.58608e-12,8.626
1.58624e-12,8.627
1.58641e-12,8.628
1.58658e-12,8.629
1.58675e-12,8.63
1.58691e-12,8.631
1.58708e-12,8.632
1.58725e-12,8.633
1.58742e-12,8.634
1.58759e-12,8.635
1.58776e-12,8.636
1.58793e-12,8.637
1.58809e-12,8.638
1.58825e-12,8.639
1.58841e-12,8.64
1.58856e-12,8.641
1.58871e-12,8.642
1.58886e-12,8.643
1.58901e-12,8.644
1.58916e-12,8.645
1.58931e-12,8.646
1.58946e-12,8.647
1.5896e-12,8.648
1.58975e-12,8.649
1.58989e-12,8.65
1.59004e-12,8.651
1.59018e-12,8.652
1.59031e-12,8.653
1.59045e-12,8.654
1.59059e-12,8.655
1.59073e-12,8.656
1.59087e-12,8.657
1.591e-12,8.658
1.59115e-12,8.659
1.59129e-12,8.66
1.59143e-12,8.661
1.59157e-12,8.662
1.5917e-12,8.663
1.59183e-12,8.664
1.59197e-12,8.665
1.59211e-12,8.666
1.59224e-12,8.667
1.59238e-12,8.668
1.59253e-12,8.669
1.59267e-12,8.67
1.59282e-12,8.671
1.59296e-12,8.672
1.59311e-12,8.673
1.59326e-12,8.674
1.5934e-12,8.675
1.59355e-12,8.676
1.5937e-12,8.677
1.59385e-12,8.678
1.594e-12,8.679
1.59415e-12,8.68
1.5943e-12,8.681
1.59445e-12,8.682
1.5946e-12,8.683
1.59475e-12,8.684
1.5949e-12,8.685
1.59506e-12,8.686
1.5952e-12,8.687
1.59536e-12,8.688
1.59551e-12,8.689
1.59567e-12,8.69
1.59583e-12,8.691
1.59599e-12,8.692
1.59615e-12,8.693
1.59631e-12,8.694
1.59647e-12,8.695
1.59663e-12,8.696
1.59678e-12,8.697
1.59694e-12,8.698
1.59711e-12,8.699
1.59727e-12,8.7
1.59743e-12,8.701
1.5976e-12,8.702
1.59776e-12,8.703
1.59793e-12,8.704
1.5981e-12,8.705
1.59827e-12,8.706
1.59845e-12,8.707
1.59863e-12,8.708
1.59881e-12,8.709
1.59899e-12,8.71
1.59916e-12,8.711
1.59933e-12,8.712
1.5995e-12,8.713
1.59967e-12,8.714
1.59984e-12,8.715
1.60001e-12,8.716
1.60018e-12,8.717
1.60035e-12,8.718
1.60052e-12,8.719
1.6007e-12,8.72
1.60088e-12,8.721
1.60105e-12,8.722
1.60123e-12,8.723
1.60141e-12,8.724
1.60159e-12,8.725
1.60177e-12,8.726
1.60195e-12,8.727
1.60212e-12,8.728
1.6023e-12,8.729
1.60248e-12,8.73
1.60266e-12,8.731
1.60284e-12,8.732
1.60302e-12,8.733
1.6032e-12,8.734
1.60338e-12,8.735
1.60356e-12,8.736
1.60375e-12,8.737
1.60394e-12,8.738
1.60412e-12,8.739
1.6043e-12,8.74
1.60449e-12,8.741
1.60468e-12,8.742
1.60486e-12,8.743
1.60504e-12,8.744
1.60523e-12,8.745
1.60541e-12,8.746
1.6056e-12,8.747
1.60579e-12,8.748
1.60598e-12,8.749
1.60616e-12,8.75
1.60633e-12,8.751
1.6065e-12,8.752
1.60668e-12,8.753
1.60686e-12,8.754
1.60704e-12,8.755
1.60722e-12,8.756
1.60739e-12,8.757
1.60757e-12,8.758
1.60775e-12,8.759
1.60793e-12,8.76
1.6081e-12,8.761
1.60828e-12,8.762
1.60845e-12,8.763
1.60862e-12,8.764
1.6088e-12,8.765
1.60897e-12,8.766
1.60914e-12,8.767
1.60932e-12,8.768
1.6095e-12,8.769
1.60968e-12,8.77
1.60985e-12,8.771
1.61002e-12,8.772
1.61018e-12,8.773
1.61035e-12,8.774
1.61051e-12,8.775
1.61068e-12,8.776
1.61084e-12,8.777
1.611e-12,8.778
1.61116e-12,8.779
1.61132e-12,8.78
1.61149e-12,8.781
1.61166e-12,8.782
1.61183e-12,8.783
1.612e-12,8.784
1.61217e-12,8.785
1.61234e-12,8.786
1.61252e-12,8.787
1.6127e-12,8.788
1.61288e-12,8.789
1.61305e-12,8.79
1.61323e-12,8.791
1.61341e-12,8.792
1.61359e-12,8.793
1.61377e-12,8.794
1.61395e-12,8.795
1.61413e-12,8.796
1.61431e-12,8.797
1.61448e-12,8.798
1.61465e-12,8.799
1.61483e-12,8.8
1.61501e-12,8.801
1.61519e-12,8.802
1.61536e-12,8.803
1.61555e-12,8.804
1.61573e-12,8.805
1.61591e-12,8.806
1.61609e-12,8.807
1.61627e-12,8.808
1.61644e-12,8.809
1.61662e-12,8.81
1.6168e-12,8.811
1.61697e-12,8.812
1.61714e-12,8.813
1.61731e-12,8.814
1.61748e-12,8.815
1.61765e-12,8.816
1.61781e-12,8.817
1.61798e-12,8.818
1.61814e-12,8.819
1.6183e-12,8.82
1.61846e-12,8.821
1.61861e-12,8.822
1.61877e-12,8.823
1.61894e-12,8.824
1.6191e-12,8.825
1.61926e-12,8.826
1.61942e-12,8.827
1.61958e-12,8.828
1.61974e-12,8.829
1.61991e-12,8.83
1.62007e-12,8.831
1.62024e-12,8.832
1.62041e-12,8.833
1.62059e-12,8.834
1.62076e-12,8.835
1.62094e-12,8.836
1.62112e-12,8.837
1.6213e-12,8.838
1.62148e-12,8.839
1.62167e-12,8.84
1.62185e-12,8.841
1.62203e-12,8.842
1.62221e-12,8.843
1.62239e-12,8.844
1.62257e-12,8.845
1.62276e-12,8.846
1.62295e-12,8.847
1.62314e-12,8.848
1.62332e-12,8.849
1.62351e-12,8.85
1.6237e-12,8.851
1.62389e-12,8.852
1.62409e-12,8.853
1.62428e-12,8.854
1.62447e-12,8.855
1.62466e-12,8.856
1.62485e-12,8.857
1.62504e-12,8.858
1.62523e-12,8.859
1.62542e-12,8.86
1.62561e-12,8.861
1.6258e-12,8.862
1.626e-12,8.863
1.62618e-12,8.864
1.62638e-12,8.865
1.62656e-12,8.866
1.62675e-12,8.867
1.62693e-12,8.868
1.62713e-12,8.869
1.62732e-12,8.87
1.62752e-12,8.871
1.62771e-12,8.872
1.62791e-12,8.873
1.62811e-12,8.874
1.62832e-12,8.875
1.62852e-12,8.876
1.62872e-12,8.877
1.62892e-12,8.878
1.62912e-12,8.879
1.62932e-12,8.88
1.62952e-12,8.881
1.62972e-12,8.882
1.62991e-12,8.883
1.6301e-12,8.884
1.6303e-12,8.885
1.6305e-12,8.886
1.6307e-12,8.887
1.6309e-12,8.888
1.63111e-12,8.889
1.63132e-12,8.89
1.63153e-12,8.891
1.63173e-12,8.892
1.63194e-12,8.893
1.63214e-12,8.894
1.63234e-12,8.895
1.63254e-12,8.896
1.63274e-12,8.897
1.63293e-12,8.898
1.63313e-12,8.899
1.63333e-12,8.9
1.63353e-12,8.901
1.63373e-12,8.902
1.63394e-12,8.903
1.63414e-12,8.904
1.63434e-12,8.905
1.63456e-12,8.906
1.63477e-12,8.907
1.63497e-12,8.908
1.63517e-12,8.909
1.63536e-12,8.91
1.63556e-12,8.911
1.63576e-12,8.912
1.63596e-12,8.913
1.63616e-12,8.914
1.63635e-12,8.915
1.63654e-12,8.916
1.63673e-12,8.917
1.63692e-12,8.918
1.63712e-12,8.919
1.63732e-12,8.92
1.63751e-12,8.921
1.63771e-12,8.922
1.63791e-12,8.923
1.6381e-12,8.924
1.6383e-12,8.925
1.6385e-12,8.926
1.63869e-12,8.927
1.63888e-12,8.928
1.63907e-12,8.929
1.63927e-12,8.93
1.63946e-12,8.931
1.63966e-12,8.932
1.63985e-12,8.933
1.64006e-12,8.934
1.64026e-12,8.935
1.64047e-12,8.936
1.64068e-12,8.937
1.64088e-12,8.938
1.64109e-12,8.939
1.64129e-12,8.94
1.6415e-12,8.941
1.6417e-12,8.942
1.6419e-12,8.943
1.6421e-12,8.944
1.64229e-12,8.945
1.64248e-12,8.946
1.64267e-12,8.947
1.64287e-12,8.948
1.64307e-12,8.949
1.64327e-12,8.95
1.64348e-12,8.951
1.64369e-12,8.952
1.6439e-12,8.953
1.64411e-12,8.954
1.64431e-12,8.955
1.64452e-12,8.956
1.64473e-12,8.957
1.64494e-12,8.958
1.64516e-12,8.959
1.64537e-12,8.96
1.64559e-12,8.961
1.64581e-12,8.962
1.64603e-12,8.963
1.64624e-12,8.964
1.64645e-12,8.965
1.64667e-12,8.966
1.64688e-12,8.967
1.64709e-12,8.968
1.64731e-12,8.969
1.64751e-12,8.97
1.64772e-12,8.971
1.64792e-12,8.972
1.64812e-12,8.973
1.64832e-12,8.974
1.64852e-12,8.975
1.64872e-12,8.976
1.64892e-12,8.977
1.64912e-12,8.978
1.64932e-12,8.979
1.64952e-12,8.98
1.64972e-12,8.981
1.64993e-12,8.982
1.65013e-12,8.983
1.65034e-12,8.984
1.65054e-12,8.985
1.65074e-12,8.986
1.65094e-12,8.987
1.65115e-12,8.988
1.65134e-12,8.989
1.65154e-12,8.99
1.65174e-12,8.991
1.65193e-12,8.992
1.65212e-12,8.993
1.65232e-12,8.994
1.65251e-12,8.995
1.65271e-12,8.996
1.65291e-12,8.997
1.6531e-12,8.998
1.65329e-12,8.999
1.65349e-12,9
1.65369e-12,9.001
1.65389e-12,9.002
1.65409e-12,9.003
1.65429e-12,9.004
1.65449e-12,9.005
1.65469e-12,9.006
1.65489e-12,9.007
1.6551e-12,9.008
1.65531e-12,9.009
1.65552e-12,9.01
1.65573e-12,9.011
1.65594e-12,9.012
1.65616e-12,9.013
1.65637e-12,9.014
1.65658e-12,9.015
1.65678e-12,9.016
1.65698e-12,9.017
1.65718e-12,9.018
1.65738e-12,9.019
1.65757e-12,9.02
1.65775e-12,9.021
1.65793e-12,9.022
1.65812e-12,9.023
1.65831e-12,9.024
1.6585e-12,9.025
1.65869e-12,9.026
1.65887e-12,9.027
1.65907e-12,9.028
1.65925e-12,9.029
1.65944e-12,9.03
1.65962e-12,9.031
1.6598e-12,9.032
1.65998e-12,9.033
1.66016e-12,9.034
1.66033e-12,9.035
1.66051e-12,9.036
1.66068e-12,9.037
1.66085e-12,9.038
1.66102e-12,9.039
1.66119e-12,9.04
1.66137e-12,9.041
1.66154e-12,9.042
1.66172e-12,9.043
1.6619e-12,9.044
1.66207e-12,9.045
1.66225e-12,9.046
1.66243e-12,9.047
1.66261e-12,9.048
1.66278e-12,9.049
1.66296e-12,9.05
1.66313e-12,9.051
1.6633e-12,9.052
1.66348e-12,9.053
1.66366e-12,9.054
1.66383e-12,9.055
1.66401e-12,9.056
1.66419e-12,9.057
1.66437e-12,9.058
1.66454e-12,9.059
1.6647e-12,9.06
1.66487e-12,9.061
1.66503e-12,9.062
1.6652e-12,9.063
1.66536e-12,9.064
1.66553e-12,9.065
1.6657e-12,9.066
1.66587e-12,9.067
1.66603e-12,9.068
1.6662e-12,9.069
1.66637e-12,9.07
1.66654e-12,9.071
1.66671e-12,9.072
1.66688e-12,9.073
1.66705e-12,9.074
1.66723e-12,9.075
1.66741e-12,9.076
1.66759e-12,9.077
1.66777e-12,9.078
1.66794e-12,9.079
1.66812e-12,9.08
1.66829e-12,9.081
1.66848e-12,9.082
1.66865e-12,9.083
1.66883e-12,9.084
1.66901e-12,9.085
1.66919e-12,9.086
1.66937e-12,9.087
1.66955e-12,9.088
1.66974e-12,9.089
1.66992e-12,9.09
1.67011e-12,9.091
1.6703e-12,9.092
1.6705e-12,9.093
1.67069e-12,9.094
1.67088e-12,9.095
1.67107e-12,9.096
1.67127e-12,9.097
1.67146e-12,9.098
1.67165e-12,9.099
1.67184e-12,9.1
1.67202e-12,9.101
1.67221e-12,9.102
1.67239e-12,9.103
1.67256e-12,9.104
1.67275e-12,9.105
1.67292e-12,9.106
1.67309e-12,9.107
1.67327e-12,9.108
1.67344e-12,9.109
1.67361e-12,9.11
1.67379e-12,9.111
1.67396e-12,9.112
1.67413e-12,9.113
1.6743e-12,9.114
1.67448e-12,9.115
1.67466e-12,9.116
1.67484e-12,9.117
1.67501e-12,9.118
1.67519e-12,9.119
1.67537e-12,9.12
1.67554e-12,9.121
1.67571e-12,9.122
1.67588e-12,9.123
1.67606e-12,9.124
1.67623e-12,9.125
1.6764e-12,9.126
1.67657e-12,9.127
1.67674e-12,9.128
1.67691e-12,9.129
1.67708e-12,9.13
1.67726e-12,9.131
1.67743e-12,9.132
1.6776e-12,9.133
1.67777e-12,9.134
1.67795e-12,9.135
1.67812e-12,9.136
1.67829e-12,9.137
1.67847e-12,9.138
1.67865e-12,9.139
1.67883e-12,9.14
1.679e-12,9.141
1.67919e-12,9.142
1.67937e-12,9.143
1.67955e-12,9.144
1.67973e-12,9.145
1.67991e-12,9.146
1.68009e-12,9.147
1.68027e-12,9.148
1.68046e-12,9.149
1.68064e-12,9.15
1.68083e-12,9.151
1.68102e-12,9.152
1.68121e-12,9.153
1.6814e-12,9.154
1.6816e-12,9.155
1.68179e-12,9.156
1.68199e-12,9.157
1.68218e-12,9.158
1.68238e-12,9.159
1.68258e-12,9.16
1.68278e-12,9.161
1.68298e-12,9.162
1.68318e-12,9.163
1.68337e-12,9.164
1.68356e-12,9.165
1.68376e-12,9.166
1.68395e-12,9.167
1.68415e-12,9.168
1.68434e-12,9.169
1.68453e-12,9.17
1.68472e-12,9.171
1.68492e-12,9.172
1.68511e-12,9.173
1.68531e-12,9.174
1.6855e-12,9.175
1.6857e-12,9.176
1.68589e-12,9.177
1.68609e-12,9.178
1.68629e-12,9.179
1.68648e-12,9.18
1.68667e-12,9.181
1.68686e-12,9.182
1.68706e-12,9.183
1.68725e-12,9.184
1.68745e-12,9.185
1.68765e-12,9.186
1.68785e-12,9.187
1.68805e-12,9.188
1.68824e-12,9.189
1.68844e-12,9.19
1.68864e-12,9.191
1.68884e-12,9.192
1.68903e-12,9.193
1.68923e-12,9.194
1.68942e-12,9.195
1.68961e-12,9.196
1.68981e-12,9.197
1.69e-12,9.198
1.6902e-12,9.199
1.6904e-12,9.2
1.6906e-12,9.201
1.6908e-12,9.202
1.69101e-12,9.203
1.69121e-12,9.204
1.69141e-12,9.205
1.69161e-12,9.206
1.69182e-12,9.207
1.69202e-12,9.208
1.69223e-12,9.209
1.69243e-12,9.21
1.69263e-12,9.211
1.69283e-12,9.212
1.69303e-12,9.213
1.69323e-12,9.214
1.69344e-12,9.215
1.69365e-12,9.216
1.69387e-12,9.217
1.69408e-12,9.218
1.6943e-12,9.219
1.69452e-12,9.22
1.69474e-12,9.221
1.69497e-12,9.222
1.69519e-12,9.223
1.69541e-12,9.224
1.69562e-12,9.225
1.69584e-12,9.226
1.69606e-12,9.227
1.69627e-12,9.228
1.69648e-12,9.229
1.69668e-12,9.23
1.69688e-12,9.231
1.69708e-12,9.232
1.69728e-12,9.233
1.69748e-12,9.234
1.69768e-12,9.235
1.69788e-12,9.236
1.69808e-12,9.237
1.69826e-12,9.238
1.69846e-12,9.239
1.69865e-12,9.24
1.69884e-12,9.241
1.69903e-12,9.242
1.69921e-12,9.243
1.69939e-12,9.244
1.69957e-12,9.245
1.69976e-12,9.246
1.69994e-12,9.247
1.70013e-12,9.248
1.70031e-12,9.249
1.7005e-12,9.25
1.70069e-12,9.251
1.70088e-12,9.252
1.70107e-12,9.253
1.70125e-12,9.254
1.70144e-12,9.255
1.70162e-12,9.256
1.70181e-12,9.257
1.70201e-12,9.258
1.70221e-12,9.259
1.7024e-12,9.26
1.7026e-12,9.261
1.7028e-12,9.262
1.70301e-12,9.263
1.70321e-12,9.264
1.70342e-12,9.265
1.70362e-12,9.266
1.70382e-12,9.267
1.70403e-12,9.268
1.70424e-12,9.269
1.70445e-12,9.27
1.70465e-12,9.271
1.70485e-12,9.272
1.70505e-12,9.273
1.70525e-12,9.274
1.70545e-12,9.275
1.70565e-12,9.276
1.70585e-12,9.277
1.70604e-12,9.278
1.70624e-12,9.279
1.70644e-12,9.28
1.70664e-12,9.281
1.70684e-12,9.282
1.70704e-12,9.283
1.70725e-12,9.284
1.70746e-12,9.285
1.70766e-12,9.286
1.70787e-12,9.287
1.70807e-12,9.288
1.70827e-12,9.289
1.70847e-12,9.29
1.70868e-12,9.291
1.70889e-12,9.292
1.70909e-12,9.293
1.7093e-12,9.294
1.70951e-12,9.295
1.70971e-12,9.296
1.70992e-12,9.297
1.71013e-12,9.298
1.71034e-12,9.299
1.71055e-12,9.3
1.71076e-12,9.301
1.71097e-12,9.302
1.71117e-12,9.303
1.71137e-12,9.304
1.71157e-12,9.305
1.71176e-12,9.306
1.71196e-12,9.307
1.71216e-12,9.308
1.71236e-12,9.309
1.71256e-12,9.31
1.71276e-12,9.311
1.71297e-12,9.312
1.71317e-12,9.313
1.71338e-12,9.314
1.71358e-12,9.315
1.71378e-12,9.316
1.71398e-12,9.317
1.71417e-12,9.318
1.71437e-12,9.319
1.71456e-12,9.32
1.71475e-12,9.321
1.71494e-12,9.322
1.71513e-12,9.323
1.71532e-12,9.324
1.7155e-12,9.325
1.71569e-12,9.326
1.71588e-12,9.327
1.71606e-12,9.328
1.71625e-12,9.329
1.71645e-12,9.33
1.71665e-12,9.331
1.71685e-12,9.332
1.71705e-12,9.333
1.71725e-12,9.334
1.71744e-12,9.335
1.71764e-12,9.336
1.71783e-12,9.337
1.71803e-12,9.338
1.71822e-12,9.339
1.71841e-12,9.34
1.71861e-12,9.341
1.7188e-12,9.342
1.71899e-12,9.343
1.71918e-12,9.344
1.71936e-12,9.345
1.71955e-12,9.346
1.71974e-12,9.347
1.71993e-12,9.348
1.72014e-12,9.349
1.72034e-12,9.35
1.72053e-12,9.351
1.72073e-12,9.352
1.72094e-12,9.353
1.72115e-12,9.354
1.72135e-12,9.355
1.72155e-12,9.356
1.72176e-12,9.357
1.72197e-12,9.358
1.72218e-12,9.359
1.72238e-12,9.36
1.72259e-12,9.361
1.72281e-12,9.362
1.72302e-12,9.363
1.72323e-12,9.364
1.72345e-12,9.365
1.72366e-12,9.366
1.72388e-12,9.367
1.7241e-12,9.368
1.72432e-12,9.369
1.72453e-12,9.37
1.72474e-12,9.371
1.72495e-12,9.372
1.72515e-12,9.373
1.72535e-12,9.374
1.72555e-12,9.375
1.72575e-12,9.376
1.72595e-12,9.377
1.72615e-12,9.378
1.72635e-12,9.379
1.72656e-12,9.38
1.72677e-12,9.381
1.72698e-12,9.382
1.72719e-12,9.383
1.7274e-12,9.384
1.72761e-12,9.385
1.72782e-12,9.386
1.72803e-12,9.387
1.72824e-12,9.388
1.72844e-12,9.389
1.72865e-12,9.39
1.72886e-12,9.391
1.72908e-12,9.392
1.72929e-12,9.393
1.7295e-12,9.394
1.72971e-12,9.395
1.72992e-12,9.396
1.73013e-12,9.397
1.73034e-12,9.398
1.73055e-12,9.399
1.73076e-12,9.4
1.73097e-12,9.401
1.73118e-12,9.402
1.73138e-12,9.403
1.73159e-12,9.404
1.73181e-12,9.405
1.73202e-12,9.406
1.73224e-12,9.407
1.73245e-12,9.408
1.73267e-12,9.409
1.73289e-12,9.41
1.73311e-12,9.411
1.73332e-12,9.412
1.73354e-12,9.413
1.73376e-12,9.414
1.73397e-12,9.415
1.73418e-12,9.416
1.7344e-12,9.417
1.7346e-12,9.418
1.73481e-12,9.419
1.73502e-12,9.42
1.73523e-12,9.421
1.73544e-12,9.422
1.73565e-12,9.423
1.73586e-12,9.424
1.73607e-12,9.425
1.73629e-12,9.426
1.7365e-12,9.427
1.73673e-12,9.428
1.73695e-12,9.429
1.73716e-12,9.43
1.73738e-12,9.431
1.73759e-12,9.432
1.73781e-12,9.433
1.73803e-12,9.434
1.73825e-12,9.435
1.73847e-12,9.436
1.73868e-12,9.437
1.7389e-12,9.438
1.73912e-12,9.439
1.73933e-12,9.44
1.73955e-12,9.441
1.73976e-12,9.442
1.73999e-12,9.443
1.74021e-12,9.444
1.74044e-12,9.445
1.74067e-12,9.446
1.7409e-12,9.447
1.74113e-12,9.448
1.74136e-12,9.449
1.74158e-12,9.45
1.74181e-12,9.451
1.74203e-12,9.452
1.74226e-12,9.453
1.74248e-12,9.454
1.74269e-12,9.455
1.7429e-12,9.456
1.74311e-12,9.457
1.74331e-12,9.458
1.74352e-12,9.459
1.74373e-12,9.46
1.74394e-12,9.461
1.74415e-12,9.462
1.74436e-12,9.463
1.74456e-12,9.464
1.74477e-12,9.465
1.74496e-12,9.466
1.74516e-12,9.467
1.74535e-12,9.468
1.74555e-12,9.469
1.74574e-12,9.47
1.74593e-12,9.471
1.74612e-12,9.472
1.74631e-12,9.473
1.74649e-12,9.474
1.74668e-12,9.475
1.74687e-12,9.476
1.74706e-12,9.477
1.74725e-12,9.478
1.74745e-12,9.479
1.74764e-12,9.48
1.74783e-12,9.481
1.74802e-12,9.482
1.74821e-12,9.483
1.7484e-12,9.484
1.74858e-12,9.485
1.74876e-12,9.486
1.74895e-12,9.487
1.74914e-12,9.488
1.74933e-12,9.489
1.74952e-12,9.49
1.7497e-12,9.491
1.74989e-12,9.492
1.75008e-12,9.493
1.75028e-12,9.494
1.75048e-12,9.495
1.75068e-12,9.496
1.75088e-12,9.497
1.75109e-12,9.498
1.75129e-12,9.499
1.75149e-12,9.5
1.75169e-12,9.501
1.75189e-12,9.502
1.75208e-12,9.503
1.75228e-12,9.504
1.75248e-12,9.505
1.75268e-12,9.506
1.75288e-12,9.507
1.75309e-12,9.508
1.7533e-12,9.509
1.7535e-12,9.51
1.75371e-12,9.511
1.75391e-12,9.512
1.75411e-12,9.513
1.75431e-12,9.514
1.7545e-12,9.515
1.7547e-12,9.516
1.7549e-12,9.517
1.75509e-12,9.518
1.75528e-12,9.519
1.75547e-12,9.52
1.75565e-12,9.521
1.75583e-12,9.522
1.75602e-12,9.523
1.7562e-12,9.524
1.75639e-12,9.525
1.75657e-12,9.526
1.75675e-12,9.527
1.75694e-12,9.528
1.75713e-12,9.529
1.75732e-12,9.53
1.75752e-12,9.531
1.75771e-12,9.532
1.75791e-12,9.533
1.7581e-12,9.534
1.7583e-12,9.535
1.75849e-12,9.536
1.75868e-12,9.537
1.75887e-12,9.538
1.75906e-12,9.539
1.75925e-12,9.54
1.75945e-12,9.541
1.75964e-12,9.542
1.75984e-12,9.543
1.76004e-12,9.544
1.76023e-12,9.545
1.76042e-12,9.546
1.76061e-12,9.547
1.7608e-12,9.548
1.76099e-12,9.549
1.76118e-12,9.55
1.76136e-12,9.551
1.76156e-12,9.552
1.76175e-12,9.553
1.76195e-12,9.554
1.76215e-12,9.555
1.76236e-12,9.556
1.76256e-12,9.557
1.76277e-12,9.558
1.76297e-12,9.559
1.76318e-12,9.56
1.76338e-12,9.561
1.76359e-12,9.562
1.76379e-12,9.563
1.76399e-12,9.564
1.76419e-12,9.565
1.76438e-12,9.566
1.76458e-12,9.567
1.76479e-12,9.568
1.76499e-12,9.569
1.76519e-12,9.57
1.7654e-12,9.571
1.7656e-12,9.572
1.76581e-12,9.573
1.76601e-12,9.574
1.76621e-12,9.575
1.76642e-12,9.576
1.76663e-12,9.577
1.76684e-12,9.578
1.76706e-12,9.579
1.76727e-12,9.58
1.76747e-12,9.581
1.76768e-12,9.582
1.76788e-12,9.583
1.76808e-12,9.584
1.76829e-12,9.585
1.7685e-12,9.586
1.7687e-12,9.587
1.76891e-12,9.588
1.76911e-12,9.589
1.76931e-12,9.59
1.76952e-12,9.591
1.76972e-12,9.592
1.76992e-12,9.593
1.77012e-12,9.594
1.77031e-12,9.595
1.7705e-12,9.596
1.7707e-12,9.597
1.77089e-12,9.598
1.77108e-12,9.599
1.77127e-12,9.6
1.77146e-12,9.601
1.77164e-12,9.602
1.77183e-12,9.603
1.77202e-12,9.604
1.77221e-12,9.605
1.7724e-12,9.606
1.77257e-12,9.607
1.77275e-12,9.608
1.77293e-12,9.609
1.77311e-12,9.61
1.77329e-12,9.611
1.77347e-12,9.612
1.77364e-12,9.613
1.77381e-12,9.614
1.77399e-12,9.615
1.77416e-12,9.616
1.77433e-12,9.617
1.77449e-12,9.618
1.77466e-12,9.619
1.77483e-12,9.62
1.775e-12,9.621
1.77517e-12,9.622
1.77535e-12,9.623
1.77552e-12,9.624
1.77569e-12,9.625
1.77586e-12,9.626
1.77603e-12,9.627
1.7762e-12,9.628
1.77637e-12,9.629
1.77653e-12,9.63
1.7767e-12,9.631
1.77687e-12,9.632
1.77704e-12,9.633
1.7772e-12,9.634
1.77737e-12,9.635
1.77753e-12,9.636
1.77771e-12,9.637
1.77787e-12,9.638
1.77804e-12,9.639
1.77821e-12,9.64
1.77837e-12,9.641
1.77854e-12,9.642
1.7787e-12,9.643
1.77886e-12,9.644
1.77902e-12,9.645
1.77918e-12,9.646
1.77934e-12,9.647
1.77949e-12,9.648
1.77965e-12,9.649
1.7798e-12,9.65
1.77996e-12,9.651
1.78011e-12,9.652
1.78026e-12,9.653
1.78041e-12,9.654
1.78057e-12,9.655
1.78074e-12,9.656
1.7809e-12,9.657
1.78106e-12,9.658
1.78123e-12,9.659
1.7814e-12,9.66
1.78157e-12,9.661
1.78174e-12,9.662
1.78191e-12,9.663
1.78208e-12,9.664
1.78225e-12,9.665
1.78242e-12,9.666
1.78259e-12,9.667
1.78276e-12,9.668
1.78293e-12,9.669
1.7831e-12,9.67
1.78327e-12,9.671
1.78344e-12,9.672
1.78361e-12,9.673
1.78379e-12,9.674
1.78397e-12,9.675
1.78416e-12,9.676
1.78433e-12,9.677
1.78451e-12,9.678
1.78469e-12,9.679
1.78486e-12,9.68
1.78504e-12,9.681
1.78523e-12,9.682
1.78541e-12,9.683
1.78559e-12,9.684
1.78577e-12,9.685
1.78594e-12,9.686
1.78612e-12,9.687
1.78629e-12,9.688
1.78646e-12,9.689
1.78663e-12,9.69
1.7868e-12,9.691
1.78698e-12,9.692
1.78716e-12,9.693
1.78733e-12,9.694
1.78751e-12,9.695
1.78769e-12,9.696
1.78787e-12,9.697
1.78805e-12,9.698
1.78822e-12,9.699
1.7884e-12,9.7
1.78857e-12,9.701
1.78875e-12,9.702
1.78892e-12,9.703
1.7891e-12,9.704
1.78928e-12,9.705
1.78945e-12,9.706
1.78962e-12,9.707
1.78979e-12,9.708
1.78997e-12,9.709
1.79015e-12,9.71
1.79033e-12,9.711
1.79051e-12,9.712
1.7907e-12,9.713
1.79089e-12,9.714
1.79109e-12,9.715
1.79129e-12,9.716
1.79149e-12,9.717
1.79168e-12,9.718
1.79187e-12,9.719
1.79206e-12,9.72
1.79224e-12,9.721
1.79243e-12,9.722
1.79261e-12,9.723
1.7928e-12,9.724
1.79299e-12,9.725
1.79317e-12,9.726
1.79335e-12,9.727
1.79353e-12,9.728
1.79371e-12,9.729
1.79388e-12,9.73
1.79406e-12,9.731
1.79423e-12,9.732
1.79441e-12,9.733
1.79458e-12,9.734
1.79476e-12,9.735
1.79493e-12,9.736
1.7951e-12,9.737
1.79528e-12,9.738
1.79546e-12,9.739
1.79564e-12,9.74
1.79583e-12,9.741
1.79602e-12,9.742
1.7962e-12,9.743
1.79637e-12,9.744
1.79655e-12,9.745
1.79673e-12,9.746
1.79691e-12,9.747
1.79709e-12,9.748
1.79726e-12,9.749
1.79744e-12,9.75
1.79761e-12,9.751
1.79779e-12,9.752
1.79797e-12,9.753
1.79815e-12,9.754
1.79833e-12,9.755
1.79851e-12,9.756
1.79868e-12,9.757
1.79886e-12,9.758
1.79904e-12,9.759
1.79922e-12,9.76
1.79939e-12,9.761
1.79957e-12,9.762
1.79974e-12,9.763
1.79992e-12,9.764
1.80011e-12,9.765
1.80029e-12,9.766
1.80047e-12,9.767
1.80065e-12,9.768
1.80084e-12,9.769
1.80102e-12,9.77
1.8012e-12,9.771
1.80139e-12,9.772
1.80158e-12,9.773
1.80177e-12,9.774
1.80196e-12,9.775
1.80216e-12,9.776
1.80235e-12,9.777
1.80254e-12,9.778
1.80273e-12,9.779
1.80292e-12,9.78
1.80311e-12,9.781
1.8033e-12,9.782
1.80349e-12,9.783
1.80368e-12,9.784
1.80386e-12,9.785
1.80404e-12,9.786
1.80423e-12,9.787
1.80441e-12,9.788
1.80459e-12,9.789
1.80478e-12,9.79
1.80496e-12,9.791
1.80514e-12,9.792
1.80532e-12,9.793
1.80551e-12,9.794
1.80568e-12,9.795
1.80587e-12,9.796
1.80605e-12,9.797
1.80623e-12,9.798
1.80641e-12,9.799
1.8066e-12,9.8
1.80679e-12,9.801
1.80698e-12,9.802
1.80718e-12,9.803
1.80738e-12,9.804
1.80758e-12,9.805
1.80779e-12,9.806
1.80799e-12,9.807
1.8082e-12,9.808
1.8084e-12,9.809
1.8086e-12,9.81
1.80881e-12,9.811
1.80902e-12,9.812
1.80924e-12,9.813
1.80945e-12,9.814
1.80966e-12,9.815
1.80986e-12,9.816
1.81008e-12,9.817
1.81029e-12,9.818
1.81051e-12,9.819
1.81072e-12,9.82
1.81093e-12,9.821
1.81115e-12,9.822
1.81136e-12,9.823
1.81157e-12,9.824
1.81178e-12,9.825
1.81199e-12,9.826
1.8122e-12,9.827
1.8124e-12,9.828
1.8126e-12,9.829
1.81281e-12,9.83
1.81301e-12,9.831
1.81321e-12,9.832
1.81341e-12,9.833
1.81361e-12,9.834
1.81381e-12,9.835
1.81401e-12,9.836
1.8142e-12,9.837
1.81439e-12,9.838
1.81459e-12,9.839
1.81478e-12,9.84
1.81497e-12,9.841
1.81515e-12,9.842
1.81534e-12,9.843
1.81553e-12,9.844
1.81572e-12,9.845
1.81591e-12,9.846
1.8161e-12,9.847
1.81629e-12,9.848
1.81648e-12,9.849
1.81666e-12,9.85
1.81685e-12,9.851
1.81704e-12,9.852
1.81723e-12,9.853
1.81741e-12,9.854
1.8176e-12,9.855
1.81778e-12,9.856
1.81797e-12,9.857
1.81816e-12,9.858
1.81835e-12,9.859
1.81853e-12,9.86
1.81871e-12,9.861
1.81889e-12,9.862
1.81906e-12,9.863
1.81924e-12,9.864
1.81941e-12,9.865
1.81958e-12,9.866
1.81975e-12,9.867
1.81992e-12,9.868
1.82009e-12,9.869
1.82026e-12,9.87
1.82044e-12,9.871
1.82061e-12,9.872
1.82079e-12,9.873
1.82097e-12,9.874
1.82115e-12,9.875
1.82133e-12,9.876
1.82152e-12,9.877
1.8217e-12,9.878
1.82189e-12,9.879
1.82208e-12,9.88
1.82226e-12,9.881
1.82246e-12,9.882
1.82265e-12,9.883
1.82284e-12,9.884
1.82302e-12,9.885
1.8232e-12,9.886
1.82338e-12,9.887
1.82356e-12,9.888
1.82373e-12,9.889
1.82391e-12,9.89
1.82408e-12,9.891
1.82425e-12,9.892
1.82443e-12,9.893
1.8246e-12,9.894
1.82478e-12,9.895
1.82496e-12,9.896
1.82515e-12,9.897
1.82533e-12,9.898
1.8255e-12,9.899
1.82567e-12,9.9
1.82585e-12,9.901
1.82602e-12,9.902
1.8262e-12,9.903
1.82638e-12,9.904
1.82656e-12,9.905
1.82674e-12,9.906
1.82692e-12,9.907
1.82709e-12,9.908
1.82727e-12,9.909
1.82745e-12,9.91
1.82764e-12,9.911
1.82783e-12,9.912
1.82801e-12,9.913
1.82819e-12,9.914
1.82837e-12,9.915
1.82855e-12,9.916
1.82873e-12,9.917
1.82891e-12,9.918
1.8291e-12,9.919
1.8293e-12,9.92
1.8295e-12,9.921
1.8297e-12,9.922
1.82991e-12,9.923
1.83011e-12,9.924
1.83032e-12,9.925
1.83051e-12,9.926
1.83071e-12,9.927
1.8309e-12,9.928
1.83109e-12,9.929
1.83128e-12,9.93
1.83147e-12,9.931
1.83167e-12,9.932
1.83186e-12,9.933
1.83205e-12,9.934
1.83224e-12,9.935
1.83243e-12,9.936
1.83263e-12,9.937
1.83282e-12,9.938
1.83302e-12,9.939
1.83321e-12,9.94
1.8334e-12,9.941
1.83358e-12,9.942
1.83377e-12,9.943
1.83395e-12,9.944
1.83413e-12,9.945
1.83431e-12,9.946
1.83448e-12,9.947
1.83466e-12,9.948
1.83484e-12,9.949
1.83503e-12,9.95
1.83521e-12,9.951
1.8354e-12,9.952
1.83559e-12,9.953
1.83577e-12,9.954
1.83596e-12,9.955
1.83614e-12,9.956
1.83632e-12,9.957
1.8365e-12,9.958
1.83669e-12,9.959
1.83688e-12,9.96
1.83707e-12,9.961
1.83725e-12,9.962
1.83744e-12,9.963
1.83762e-12,9.964
1.8378e-12,9.965
1.83798e-12,9.966
1.83815e-12,9.967
1.83833e-12,9.968
1.8385e-12,9.969
1.83867e-12,9.97
1.83885e-12,9.971
1.83902e-12,9.972
1.83921e-12,9.973
1.83939e-12,9.974
1.83957e-12,9.975
1.83975e-12,9.976
1.83993e-12,9.977
1.84011e-12,9.978
1.84029e-12,9.979
1.84046e-12,9.98
1.84065e-12,9.981
1.84083e-12,9.982
1.84101e-12,9.983
1.84119e-12,9.984
1.84137e-12,9.985
1.84155e-12,9.986
1.84174e-12,9.987
1.84192e-12,9.988
1.8421e-12,9.989
1.84228e-12,9.99
1.84246e-12,9.991
1.84264e-12,9.992
1.84282e-12,9.993
1.843e-12,9.994
1.84317e-12,9.995
1.84335e-12,9.996
1.84353e-12,9.997
1.8437e-12,9.998
1.84388e-12,9.999
1.84405e-12,10
